hhid,clustnum,children16,pensioners,f_pensioners,members,maxeduc,meaneduc,percapita_exp,hh_exp,cm_16_exp
193001,193,2,0,0,9,10,5.333333333,6.702070972,8.89929555,6.826968966
193002,193,2,0,0,9,11,7,6.357067513,8.554292091,6.481965507
193003,193,3,0,0,5,10,4,6.638366158,8.24780407,6.563182111
193004,193,0,0,0,6,10,6.333333333,6.688457951,8.48021742,6.867633898
193005,193,2,0,0,5,11,6.8,6.920248872,8.529686784,6.917103262
193006,193,1,0,0,6,8,3.666666667,6.834430109,8.626189578,6.941567619
193007,193,4,1,1,8,10,2.25,5.768415592,7.847857134,5.77553055
193008,193,2,0,0,6,9,4,6.888949559,8.680709028,6.929389894
193009,193,1,0,0,4,11,9.25,7.063412442,8.449706803,7.096037146
193010,193,2,0,0,6,10,7,6.991530111,8.783289581,7.031970446
193011,193,9,0,0,16,9,3.1875,5.112269927,7.884858649,5.166476252
193012,193,3,0,0,8,10,4,6.219079855,8.298521397,6.272358778
193013,193,3,2,1,9,10,3.777777778,6.58883193,8.786056508,6.669818776
193014,193,2,0,0,7,10,6.142857143,6.649362164,8.595272313,6.723774925
193015,193,5,0,0,9,11,5.666666667,6.464786409,8.662010986,6.463898655
193016,193,4,0,0,11,8,3.545454545,5.903717303,8.301612576,5.993158154
194001,194,1,0,0,3,9,5.666666667,7.007126676,8.105738965,6.978252293
194002,194,6,0,0,9,5,1.222222222,6.388925882,8.586150459,6.349734475
194004,194,0,0,0,5,9,3.2,5.877364233,7.486802146,6.038308024
194005,194,0,0,0,2,7,6,6.129237456,6.822384636,6.198552174
194006,194,0,0,0,2,7,6.5,6.62270501,7.315852191,6.692019728
194007,194,1,0,0,3,10,6,6.236869987,7.335482276,6.207995604
194008,194,1,0,0,2,4,2,5.885436101,6.578583282,5.753921623
194009,194,1,0,0,3,9,5.333333333,6.772585872,7.871198161,6.743711489
194010,194,0,0,0,3,5,3,6.318568203,7.417180492,6.428429432
194011,194,5,0,0,10,10,4.3,5.157303544,7.459888637,5.186732857
194012,194,2,0,0,4,10,4.75,6.30339221,7.689686571,6.24119245
194013,194,8,1,1,12,8,1.166666667,6.115348452,8.600255101,6.104925251
194014,194,1,0,0,6,10,6.666666667,6.366262491,8.15802196,6.473400001
194015,194,2,0,0,6,10,4.166666667,6.07716079,7.868920259,6.117601125
194016,194,0,0,0,2,10,10,6.8013519,7.49449908,6.870666618
194017,194,0,1,1,1,1,1,6.781144108,6.781144108,6.781144108
194018,194,4,0,0,8,9,4.75,6.135254156,8.214695697,6.142369114
194019,194,2,0,0,5,7,4.6,6.005321735,7.614759647,6.002176125
194020,194,2,0,0,5,9,5.6,5.585104622,7.194542535,5.581959012
194021,194,2,0,0,4,9,4.75,5.496277347,6.882571708,5.434077587
194022,194,3,0,0,5,5,1.6,6.066190264,7.675628176,5.991006217
194023,194,2,0,0,4,10,4.5,6.013498654,7.399793015,5.951298894
194024,194,4,0,0,6,5,1.833333333,5.810734708,7.602494178,5.73099679
194025,194,4,0,0,8,10,4.625,6.328628716,8.408070258,6.335743674
195001,195,0,0,0,4,11,10,6.845186178,8.231480539,6.983815614
195002,195,1,0,0,5,10,7.4,6.507236083,8.116673996,6.582400713
195003,195,0,1,1,5,11,11,7.033670449,8.643108361,7.19461424
195004,195,5,0,0,8,6,1.875,5.775044014,7.854485555,5.738247824
195005,195,2,0,0,6,4,1.666666667,5.783018462,7.574777931,5.823458797
195006,195,1,0,0,2,1,0.5,6.48390569,7.17705287,6.352391211
195007,195,1,0,0,5,10,6.8,6.481614305,8.091052217,6.556778934
195008,195,3,0,0,6,5,1.166666667,6.568127162,8.359886632,6.546473913
195009,195,2,0,0,5,5,2.4,6.694386227,8.30382414,6.691240617
195010,195,5,0,0,11,9,2.909090909,5.611291592,8.009186865,5.666766148
195011,195,2,0,0,3,8,6,6.889319939,7.987932228,6.740267303
195012,195,2,0,0,4,10,4.75,6.135169136,7.521463497,6.072969376
195013,195,1,1,0,8,10,6.75,6.136031802,8.215473343,6.289413796
195014,195,6,0,0,10,9,4.1,5.643459215,7.946044308,5.637589886
195015,195,0,0,0,4,8,5.25,6.54769334,7.933987701,6.686322776
195016,195,4,0,0,6,11,5.166666667,6.71021372,8.501973189,6.630475802
195017,195,0,0,0,4,10,9,6.426560217,7.812854578,6.565189653
195018,195,0,0,0,3,10,7.666666667,6.833693502,7.932305791,6.943554731
195019,195,4,0,0,7,11,4.285714286,6.521246729,8.467156878,6.489654759
195020,195,5,2,1,11,10,3.454545455,6.102118031,8.500013304,6.157592587
196001,196,1,0,0,8,10,7.375,6.81289847,8.892340012,6.966280465
196002,196,1,0,0,4,8,6,6.746176567,8.132470928,6.778801271
196003,196,3,1,1,9,5,2.555555556,5.595498301,7.792722879,5.676485147
196004,196,5,1,1,10,10,3.8,5.928989759,8.231574852,5.958419072
196005,196,0,0,0,2,11,9.5,7.739967986,8.433115167,7.809282704
196006,196,0,1,1,3,9,5,7.325785651,8.42439794,7.43564688
196007,196,1,0,0,6,10,6.666666667,6.157127784,7.948887253,6.264265294
196008,196,3,1,1,6,10,4.5,6.551311849,8.343071318,6.5296586
196009,196,1,0,0,5,7,5.6,6.652814951,8.262252863,6.72797958
196010,196,0,0,0,4,9,6,7.400481554,8.786775916,7.539110991
196011,196,2,0,0,8,11,6.875,6.271078374,8.350519916,6.373017796
196012,196,4,1,1,8,10,5.625,5.937724105,8.017165646,5.944839063
196013,196,2,0,0,8,10,5.5,6.452824687,8.532266229,6.554764109
196014,196,3,0,0,8,10,5.625,6.720099427,8.799540969,6.77337835
196015,196,2,0,0,5,7,3.6,6.550335219,8.159773131,6.547189609
196016,196,8,1,1,17,10,3.705882353,6.236170733,9.069384077,6.329313883
196017,196,2,1,1,11,10,6.545454545,6.262215201,8.660110474,6.423694489
197001,197,5,0,0,12,10,4.583333333,6.34783267,8.83273932,6.426005536
197002,197,3,0,0,5,10,3.4,6.237096747,7.84653466,6.161912701
197003,197,0,1,1,1,4,4,7.485027767,7.485027767,7.485027767
197004,197,3,0,0,8,14,7,6.996095125,9.075536667,7.049374048
197005,197,4,0,0,11,10,5.545454545,6.334428224,8.732323497,6.423869075
197006,197,4,1,1,8,8,2.75,6.088163296,8.167604838,6.095278254
197007,197,3,0,0,8,10,5.125,6.203015182,8.282456723,6.256294104
197008,197,1,0,0,4,8,5.25,6.327334716,7.713629077,6.35995942
197009,197,4,0,0,9,9,4.333333333,6.489225265,8.686449843,6.528344097
197010,197,4,1,1,11,10,5.818181818,5.727953168,8.125848441,5.817394019
197011,197,1,0,0,5,9,4.8,6.969459281,8.578897194,7.044623911
197012,197,0,0,0,5,10,2.8,6.289545512,7.898983425,6.450489304
197013,197,2,0,0,4,5,1.75,6.287350024,7.673644385,6.225150264
197014,197,0,2,1,6,10,6.833333333,6.865286359,8.657045828,7.044462306
197015,197,8,2,1,13,12,4.153846154,6.125924552,8.69087391,6.1409819
197016,197,5,0,0,7,10,4,7.02829612,8.974206269,6.94804365
197017,197,4,0,0,6,8,3.166666667,6.760769285,8.552528754,6.681031367
198001,198,2,0,0,7,9,4.428571429,6.400851593,8.346761742,6.475264354
198002,198,5,1,1,13,6,2.846153846,5.221902074,7.786851431,5.32009541
198003,198,2,0,0,5,8,5.4,6.671716996,8.281154909,6.668571387
198004,198,4,0,0,7,6,2.571428571,6.416342332,8.362252481,6.384750362
198005,198,2,0,0,4,8,4.75,7.160193291,8.546487652,7.097993531
198006,198,3,0,0,7,10,4,6.149598106,8.095508255,6.169448708
198007,198,4,0,0,7,9,3.571428571,6.338129967,8.284040116,6.306537997
198008,198,0,0,0,4,9,3.75,6.672396724,8.058691085,6.81102616
198009,198,3,1,0,9,6,4,6.059860914,8.257085491,6.14084776
198010,198,2,0,0,8,9,5.125,6.321224742,8.400666283,6.423164164
198011,198,3,0,0,6,4,1.5,6.211245731,8.003005201,6.189592482
198012,198,3,0,0,6,7,3.666666667,6.729547391,8.521306861,6.707894142
198013,198,0,1,1,1,7,7,7.925062831,7.925062831,7.925062831
198014,198,3,0,0,7,8,4.714285714,5.990816187,7.936726336,6.010666788
198015,198,1,1,1,10,10,6.7,6.645631394,8.948216487,6.831978755
198016,198,1,0,0,4,9,5.75,5.760532763,7.146827124,5.793157467
198017,198,0,0,0,4,10,8.5,6.94196911,8.328263472,7.080598547
198018,198,1,0,0,8,11,7.375,6.646240321,8.725681862,6.799622315
198019,198,3,0,0,5,10,5.4,6.968869295,8.578307208,6.893685249
198020,198,2,2,1,6,10,4.166666667,6.480142684,8.271902153,6.520583019
198021,198,5,1,1,11,10,2.727272727,6.20344089,8.601336163,6.258915446
199001,199,0,0,0,1,2,2,7.879286786,7.879286786,7.879286786
199002,199,0,0,0,1,1,1,7.896229566,7.896229566,7.896229566
199003,199,0,0,0,2,10,9,7.444936067,8.138083248,7.514250785
199004,199,2,0,0,4,7,3,6.528923572,7.915217933,6.466723812
199005,199,0,0,0,1,0,0,7.288542011,7.288542011,7.288542011
199006,199,0,0,0,1,0,0,7.609118586,7.609118586,7.609118586
199007,199,0,0,0,2,8,5.5,6.947958831,7.641106012,7.017273549
199008,199,0,0,0,1,4,4,7.524959526,7.524959526,7.524959526
199009,199,0,0,0,1,1,1,7.344320663,7.344320663,7.344320663
199010,199,0,0,0,1,3,3,7.555558448,7.555558448,7.555558448
199011,199,0,0,0,1,5,5,7.578941916,7.578941916,7.578941916
199012,199,0,0,0,1,4,4,7.450203728,7.450203728,7.450203728
199013,199,0,0,0,1,6,6,7.806333349,7.806333349,7.806333349
199014,199,0,0,0,1,8,8,7.588504246,7.588504246,7.588504246
199015,199,0,0,0,1,8,8,7.807837095,7.807837095,7.807837095
199016,199,0,0,0,1,5,5,7.657727685,7.657727685,7.657727685
199017,199,0,0,0,1,5,5,7.73831023,7.73831023,7.73831023
199018,199,0,0,0,1,0,0,7.343017643,7.343017643,7.343017643
199019,199,0,0,0,1,4,4,7.750902799,7.750902799,7.750902799
199020,199,0,0,0,1,2,2,7.837506793,7.837506793,7.837506793
199021,199,0,0,0,1,2,2,7.809365694,7.809365694,7.809365694
199022,199,0,0,0,2,7,6,7.046891641,7.740038822,7.116206359
199023,199,0,0,0,1,3,3,7.819620483,7.819620483,7.819620483
199024,199,0,0,0,1,0,0,7.607479848,7.607479848,7.607479848
199025,199,0,0,0,1,4,4,7.732636604,7.732636604,7.732636604
199026,199,0,0,0,1,5,5,7.564445265,7.564445265,7.564445265
199027,199,0,0,0,1,2,2,7.769191712,7.769191712,7.769191712
199028,199,0,0,0,1,9,9,8.096176626,8.096176626,8.096176626
199029,199,0,0,0,1,0,0,8.070125189,8.070125189,8.070125189
199030,199,0,0,0,1,5,5,7.905055453,7.905055453,7.905055453
199031,199,0,0,0,1,3,3,7.917973127,7.917973127,7.917973127
199032,199,0,0,0,1,3,3,7.578511298,7.578511298,7.578511298
199033,199,0,0,0,1,4,4,7.587289173,7.587289173,7.587289173
199034,199,0,0,0,1,6,6,7.420592017,7.420592017,7.420592017
199035,199,0,0,0,1,2,2,7.801851297,7.801851297,7.801851297
199036,199,0,0,0,1,5,5,8.112833806,8.112833806,8.112833806
199037,199,0,0,0,1,4,4,7.533170958,7.533170958,7.533170958
199038,199,3,0,0,5,10,4.4,7.008216424,8.617654336,6.933032377
199039,199,6,1,1,15,10,5.266666667,6.200996367,8.909046568,6.307711986
199040,199,1,0,0,4,10,3.75,6.228846161,7.615140522,6.261470865
199041,199,4,0,0,7,8,3.428571429,6.360923225,8.306833374,6.329331255
199042,199,3,0,0,6,7,4.166666667,6.683346939,8.475106408,6.661693689
199043,199,1,0,0,3,4,2.666666667,6.678789334,7.777401622,6.649914951
199044,199,3,0,0,5,9,4.6,6.567697905,8.177135818,6.492513859
199045,199,0,0,0,1,2,2,7.638494106,7.638494106,7.638494106
200001,200,1,0,0,8,9,6.125,6.416000925,8.495442467,6.56938292
200002,200,5,0,0,8,10,3.375,6.955233887,9.034675429,6.918437698
200003,200,6,0,0,9,7,3,5.838837883,8.03606246,5.799646476
200004,200,1,0,0,3,6,3.666666667,7.042782551,8.14139484,7.013908168
200005,200,2,1,1,8,8,2.625,6.299393818,8.378835359,6.40133324
200006,200,4,0,0,6,6,2,6.459991058,8.251750527,6.380253139
200007,200,2,0,0,4,1,0.75,6.207648859,7.59394322,6.145449099
200008,200,3,1,1,11,4,1.090909091,5.753430234,8.151325506,5.878169726
200009,200,2,0,0,4,9,4.5,6.426889907,7.813184268,6.364690147
200010,200,3,0,0,8,3,1.875,5.781097942,7.860539484,5.834376865
200011,200,3,1,1,11,10,6.090909091,5.790057679,8.187952952,5.914797172
200012,200,3,0,0,5,9,4.8,6.257711744,7.867149657,6.182527698
200013,200,5,0,0,7,8,2.857142857,6.345534197,8.291444346,6.265281727
200014,200,2,0,0,4,8,3.5,6.413195373,7.799489734,6.350995613
201001,201,1,0,0,3,5,2.666666667,6.680526849,7.779139138,6.651652466
201002,201,5,0,0,11,10,3.727272727,5.792573843,8.190469116,5.848048399
201003,201,6,0,0,14,8,3.142857143,5.814420723,8.453478052,5.903586043
201004,201,6,0,0,11,7,2.272727273,5.555466016,7.953361289,5.578209692
201005,201,5,0,0,10,8,2.5,6.536635206,8.839220299,6.566064519
201006,201,5,1,1,13,4,0.307692308,5.366500697,7.931450054,5.464694033
201007,201,7,0,0,12,9,2.5,5.806125831,8.291032481,5.824276459
201008,201,1,0,0,10,9,5.1,5.567381558,7.869966651,5.753728919
201009,201,8,0,0,17,4,1.176470588,5.464711859,8.297925203,5.557855009
201010,201,4,0,0,8,8,3.75,5.993374285,8.072815827,6.000489243
201011,201,5,1,1,11,10,4.545454545,5.205012146,7.602907418,5.260486702
201012,201,1,1,1,4,4,1.25,5.905315483,7.291609844,5.937940187
201013,201,1,0,0,4,6,3.25,5.005692874,6.391987235,5.038317578
201014,201,1,1,1,4,10,3.5,6.606234435,7.992528797,6.638859139
201015,201,1,0,0,4,6,4.25,5.879910059,7.26620442,5.912534763
201016,201,6,1,1,13,4,1,5.658823405,8.223772763,5.728442913
201017,201,2,1,0,8,4,2.25,5.465546006,7.544987547,5.567485428
201018,201,2,1,0,8,11,5.875,6.53751927,8.616960812,6.639458692
201019,201,0,2,1,7,10,7.428571429,6.646408291,8.59231844,6.840999306
201020,201,3,0,0,8,6,3.25,6.035801287,8.115242829,6.08908021
202001,202,0,0,0,2,2,1,7.022925767,7.716072948,7.092240485
202002,202,1,0,0,3,5,3,6.513543838,7.612156127,6.484669455
202003,202,3,1,1,6,9,3,6.134372813,7.926132282,6.112719564
202004,202,0,0,0,1,0,0,7.266876081,7.266876081,7.266876081
202005,202,1,0,0,2,5,5,5.937650234,6.630797415,5.806135756
202006,202,0,0,0,3,10,10,7.008637176,8.107249465,7.118498405
202007,202,0,0,0,4,10,7,6.393458708,7.779753069,6.532088144
202008,202,2,0,0,5,9,5.8,6.18133823,7.790776143,6.17819262
202009,202,0,0,0,5,9,7.6,6.252833404,7.862271316,6.413777195
202010,202,1,0,0,3,1,1,6.495905077,7.594517366,6.467030694
202011,202,0,0,0,2,10,8,6.337709571,7.030856752,6.407024289
202012,202,5,0,0,11,10,3.818181818,5.487723502,7.885618775,5.543198058
202013,202,1,0,0,3,10,6.333333333,6.431613055,7.530225344,6.402738672
202014,202,2,0,0,5,2,0.6,5.877943062,7.487380974,5.874797452
202015,202,1,0,0,3,10,6,6.751887671,7.850499959,6.723013288
202016,202,0,0,0,2,4,2.5,6.388287836,7.081435017,6.457602554
202017,202,0,0,0,2,10,8,6.720596911,7.413744092,6.789911629
203001,203,0,2,2,3,5,3,6.253059915,7.351672203,6.362921144
203002,203,1,0,0,9,10,6,5.364774629,7.561999207,5.535836588
203003,203,2,0,0,6,9,2.5,6.350736368,8.142495838,6.391176703
203004,203,3,0,0,7,8,3.428571429,6.65828463,8.604194779,6.678135232
203005,203,4,2,1,11,11,7.272727273,6.257295914,8.655191187,6.346736765
203006,203,1,0,0,7,11,7.571428571,6.027339397,7.973249546,6.159836828
203007,203,4,0,0,8,10,5.125,6.11858623,8.198027772,6.125701188
203008,203,4,1,1,7,11,6.285714286,6.951947267,8.897857416,6.920355296
203009,203,1,1,1,5,8,4,6.257898249,7.867336161,6.333062878
203010,203,1,0,0,3,6,5,7.596026954,8.694639243,7.567152571
203011,203,1,1,0,8,9,6.875,7.013693952,9.093135493,7.167075946
203012,203,1,1,1,3,11,8,7.709935238,8.808547527,7.681060855
204001,204,8,1,1,12,9,2.583333333,5.329410673,7.814317322,5.318987472
204002,204,2,0,0,4,5,3.5,5.275507865,6.661802226,5.213308105
204003,204,3,2,1,8,9,2.875,5.471020289,7.55046183,5.524299212
204004,204,1,0,0,7,10,3,6.096493149,8.042403298,6.22899058
204005,204,4,0,0,8,5,1.5,5.540556472,7.619998014,5.54767143
204006,204,1,0,0,10,9,4.7,5.942189967,8.24477506,6.128537328
204007,204,4,0,0,10,9,4,6.240025045,8.542610138,6.306194153
204008,204,7,0,0,11,10,3.090909091,6.081683561,8.479578834,6.07284505
204009,204,0,1,1,3,2,0.666666667,6.892463029,7.991075317,7.002324258
204010,204,5,1,1,14,8,4.5,5.965905332,8.604962661,6.081938319
204011,204,2,1,1,4,6,1.5,6.871031172,8.257325533,6.808831412
204012,204,1,2,1,7,14,10,7.482686606,9.428596755,7.615184037
204013,204,7,0,0,10,5,1.3,6.248398125,8.550983218,6.208562501
205001,205,2,1,1,8,9,5.625,6.056131489,8.135573031,6.158070911
205002,205,0,1,1,6,8,5.833333333,5.846572123,7.638331592,6.02574807
205003,205,3,0,0,8,3,1.5,6.608081415,8.687522957,6.661360338
205004,205,0,0,0,2,7,6.5,7.455984625,8.149131806,7.525299343
205005,205,6,1,1,13,8,2.307692308,5.729240638,8.294189995,5.798860145
205006,205,1,2,1,8,7,3.375,6.434000387,8.513441929,6.587382382
205007,205,5,0,0,7,8,3.571428571,6.419190547,8.365100696,6.338938077
205008,205,5,0,0,11,7,4.727272727,6.115797072,8.513692345,6.171271628
205009,205,2,2,1,7,10,4.428571429,6.227089428,8.172999578,6.30150219
205010,205,2,1,1,5,7,2,6.598554002,8.207991915,6.595408392
205011,205,6,0,0,14,8,2.214285714,6.101727713,8.740785043,6.190893033
205012,205,3,0,0,7,7,3.142857143,5.634250413,7.580160562,5.654101015
205013,205,5,1,1,11,9,3.636363636,6.237905608,8.635800881,6.293380164
205014,205,2,0,0,7,8,5.571428571,5.456246877,7.402157026,5.530659639
205015,205,6,1,1,12,10,2.083333333,5.430780126,7.915686776,5.478441595
205016,205,0,0,0,5,10,6.8,6.439366428,8.048804341,6.60031022
205017,205,1,1,1,10,5,1.6,5.397283791,7.699868884,5.583631153
205018,205,10,0,0,18,8,2.5,5.715579871,8.605951629,5.784006835
205019,205,0,0,0,2,7,6.5,6.848317218,7.541464398,6.917631936
205020,205,6,2,2,19,7,2.947368421,5.345010878,8.289449857,5.507511649
205021,205,0,0,0,8,9,5.875,5.894910762,7.974352304,6.102854916
205022,205,1,0,0,3,14,9.666666667,7.551774596,8.650386884,7.522900213
206001,206,0,1,1,6,10,7.166666667,5.992916393,7.784675862,6.17209234
206002,206,3,0,0,9,10,7.222222222,5.88957489,8.086799468,5.970561736
206003,206,2,0,0,6,6,2,5.899921231,7.6916807,5.940361566
206004,206,4,1,1,12,11,6.333333333,5.643135803,8.128042453,5.752890856
206005,206,0,2,1,2,5,2.5,6.66886331,7.36201049,6.738178028
206006,206,1,1,1,5,8,4.8,6.392133356,8.001571268,6.467297985
206007,206,2,2,1,6,10,4.666666667,6.451737198,8.243496667,6.492177533
206008,206,0,2,1,5,7,3.4,5.719266944,7.328704856,5.880210735
206009,206,6,0,0,14,10,4.214285714,5.38801498,8.02707231,5.4771803
206010,206,2,0,0,8,10,5.75,6.021072908,8.10051445,6.12301233
206011,206,1,0,0,5,8,5.2,5.629352191,7.238790103,5.70451682
206012,206,3,1,1,7,8,4.142857143,6.315585435,8.261495584,6.335436037
206013,206,1,0,0,4,7,5.25,6.94701985,8.333314211,6.979644554
206014,206,1,0,0,6,8,5.5,5.590298615,7.382058084,5.697436125
206015,206,3,0,0,6,8,4.833333333,6.562306249,8.354065718,6.540652999
206016,206,2,0,0,7,11,5.857142857,6.617910124,8.563820273,6.692322885
206017,206,2,0,0,10,10,6.3,6.044265316,8.346850409,6.188744663
206018,206,2,0,0,7,7,4.285714286,5.891674957,7.837585106,5.966087718
206019,206,8,0,0,15,11,4.066666667,6.354053807,9.062104008,6.412108926
206020,206,1,1,0,5,7,3.8,5.498833327,7.108271239,5.573997956
207001,207,3,1,1,10,10,5.2,6.810026597,9.11261169,6.914499358
207002,207,2,0,0,8,10,6.5,6.864669871,8.944111413,6.966609293
207003,207,3,0,0,7,10,4.142857143,6.639671302,8.585581451,6.659521904
207004,207,4,1,1,8,7,3.125,6.29676408,8.376205622,6.303879038
207005,207,2,0,0,4,10,5.5,6.967006899,8.35330126,6.904807139
207006,207,2,0,0,5,9,3.4,6.27711814,7.886556053,6.273972531
207007,207,5,0,0,9,10,4,5.842947311,8.040171888,5.842059556
207008,207,1,0,0,7,7,4.428571429,6.693568339,8.639478488,6.82606577
207009,207,7,0,0,10,9,3.2,5.950638478,8.253223571,5.910802854
207010,207,3,0,0,8,10,4.25,7.111644649,9.191086191,7.164923572
207011,207,5,1,0,10,11,5,6.476632101,8.779217194,6.506061414
207012,207,1,0,0,4,10,6.25,6.972492125,8.358786486,7.005116829
208001,208,0,0,0,3,11,9.333333333,7.31713558,8.415747868,7.426996808
208002,208,0,0,0,5,9,5.8,6.812247677,8.42168559,6.973191469
208003,208,3,0,0,5,9,2.4,6.639128521,8.248566433,6.563944474
208004,208,5,1,1,14,10,4.857142857,6.045792732,8.684850062,6.161825719
208005,208,6,0,0,24,10,5.958333333,5.961777324,9.139831155,6.173577975
208006,208,2,0,0,4,8,3.25,7.301510354,8.687804716,7.239310594
208007,208,3,0,0,13,10,6.076923077,6.353046636,8.917995994,6.511262209
208008,208,2,0,0,7,11,5.428571429,6.609452799,8.555362948,6.683865561
208009,208,5,0,0,12,10,4.5,5.820722775,8.305629424,5.89889564
208010,208,0,0,0,2,10,5.5,6.541878495,7.235025675,6.611193213
208011,208,3,0,0,7,8,4.571428571,6.625968309,8.571878458,6.645818911
208012,208,0,0,0,4,8,6.5,6.343615819,7.72991018,6.482245255
208013,208,5,0,0,8,5,1.375,5.832441844,7.911883386,5.795645654
209001,209,3,0,0,5,6,1.8,7.180220594,8.789658506,7.105036547
209002,209,3,1,0,7,7,3.857142857,6.508251212,8.454161361,6.528101814
209003,209,1,0,0,2,8,4.5,7.300164007,7.993311188,7.168649529
209004,209,3,1,0,8,5,2.375,6.246551704,8.325993246,6.299830627
209005,209,4,0,0,9,3,1.555555556,5.752330238,7.949554816,5.79144907
209006,209,4,0,0,6,6,1.666666667,6.539419523,8.331178992,6.459681604
209007,209,2,1,1,6,6,2.666666667,5.50224016,7.293999629,5.542680495
209008,209,4,0,0,5,5,1.6,5.745723566,7.355161479,5.603842345
209009,209,3,1,1,6,10,4.833333333,6.528062268,8.319821737,6.506409019
209010,209,3,1,1,5,4,0.8,5.823482332,7.432920245,5.748298286
209011,209,7,1,1,13,6,1.923076923,5.709744245,8.274693603,5.75166926
209012,209,4,0,0,10,9,3.6,5.816329099,8.118914192,5.882498207
209013,209,0,0,0,2,7,5.5,6.567891668,7.261038849,6.637206386
209014,209,6,0,0,9,10,3.777777778,6.436128296,8.633352873,6.396936889
209015,209,4,0,0,6,5,2.833333333,6.436544961,8.22830443,6.356807043
209016,209,1,1,0,5,3,0.8,5.398030426,7.007468338,5.473195055
209017,209,2,2,1,7,7,3.714285714,5.706039353,7.651949502,5.780452114
209018,209,5,1,1,10,9,2.9,5.735831437,8.03841653,5.76526075
209019,209,4,0,0,8,5,1.625,6.421935703,8.501377245,6.429050661
209020,209,4,1,1,9,7,2.555555556,5.352883878,7.550108456,5.39200271
209021,209,4,0,0,7,6,2.285714286,6.538553573,8.484463722,6.506961603
209022,209,3,0,0,5,2,0.8,5.525619777,7.135057689,5.45043573
209023,209,3,2,1,9,1,0.222222222,5.882849375,8.080073953,5.963836221
209024,209,7,1,1,14,9,4,5.523182845,8.162240174,5.586259381
209025,209,2,0,0,5,6,2.2,5.94743562,7.556873532,5.94429001
210001,210,8,1,1,15,9,3.333333333,5.778628014,8.486678215,5.836683134
210002,210,4,0,0,5,5,2.2,6.32653864,7.935976553,6.184657419
210003,210,6,0,0,12,8,2.416666667,5.308594667,7.793501317,5.356256136
210004,210,0,0,0,2,1,0.5,6.715930626,7.409077807,6.785245344
210005,210,4,1,1,7,2,0.857142857,5.875568325,7.821478474,5.843976354
210006,210,2,0,0,4,6,1.75,5.611956267,6.998250628,5.549756507
210007,210,5,0,0,11,9,4.272727273,6.507017816,8.904913089,6.562492372
210008,210,3,1,1,10,8,2.8,5.838485085,8.141070178,5.942957847
210009,210,5,0,0,9,6,2.777777778,5.429470533,7.626695111,5.428582779
210010,210,0,0,0,2,5,3,6.622147846,7.315295027,6.691462564
210011,210,4,0,0,6,3,1,6.370707811,8.162467281,6.290969893
210012,210,0,0,0,3,8,4.666666667,6.06931665,7.167928938,6.179177879
210013,210,3,1,1,8,6,2.5,5.867021304,7.946462846,5.920300227
210014,210,4,1,0,11,8,1.727272727,5.173048295,7.570943568,5.262489146
210015,210,5,0,0,9,10,3,5.674768528,7.871993105,5.673880774
210016,210,3,1,1,5,6,2,6.590630017,8.20006793,6.51544597
210017,210,1,0,0,6,10,6.5,6.315420371,8.10717984,6.422557881
211005,211,2,1,1,7,8,3.714285714,5.954998806,7.900908955,6.029411568
211013,211,1,0,0,4,3,1.75,5.897839303,7.284133664,5.930464007
211028,211,1,0,0,5,9,5.4,6.599122485,8.208560397,6.674287114
211030,211,3,2,1,14,10,3.571428571,6.318100171,8.9571575,6.490401479
211033,211,3,1,1,7,8,2.142857143,4.918215098,6.864125247,4.9380657
211035,211,4,0,0,11,7,1.454545455,5.615326973,8.013222246,5.704767824
211037,211,1,0,0,3,0,0,6.575857942,7.674470231,6.546983559
211043,211,3,0,0,8,11,7.375,6.561242419,8.640683961,6.614521342
211050,211,4,0,0,6,11,4.5,6.476212056,8.267971525,6.396474137
211058,211,5,0,0,9,5,2.222222222,7.187077437,9.384302014,7.186189683
211065,211,2,0,0,5,9,4.6,6.457005543,8.066443456,6.453859933
211066,211,0,0,0,4,5,3.25,6.165804305,7.552098666,6.304433741
211073,211,1,0,0,6,11,8.333333333,6.316086859,8.107846329,6.423224369
211080,211,13,1,1,18,8,2,5.264825633,8.155197391,5.276391585
211088,211,4,0,0,6,7,3.166666667,6.763361378,8.555120847,6.683623459
211092,211,0,0,0,3,7,5.666666667,6.121393945,7.220006234,6.231255174
211095,211,4,0,0,11,10,5.454545455,6.287244758,8.685140031,6.376685609
211110,211,7,0,0,9,10,3.333333333,6.250618621,8.447843198,6.174687418
211118,211,6,0,0,10,9,4.1,6.085163842,8.387748935,6.079294513
211125,211,3,1,0,11,10,3.727272727,6.520190268,8.918085541,6.644929761
211133,211,7,1,1,16,9,3.8125,5.059592085,7.832180807,5.158807788
211140,211,5,0,0,9,10,4.444444444,6.497871191,8.695095768,6.496983436
211148,211,3,0,0,7,10,4,5.662901591,7.60881174,5.682752193
211155,211,1,0,0,8,10,7.75,7.00632038,9.085761922,7.159702375
211163,211,6,0,0,11,8,4.090909091,6.14967094,8.547566213,6.172414616
211178,211,3,0,0,9,9,3.222222222,6.446390803,8.643615381,6.527377649
211185,211,4,1,1,9,7,3.111111111,6.112130456,8.309355033,6.151249288
212001,212,3,0,0,7,10,4.142857143,6.281274968,8.227185117,6.30112557
212002,212,3,0,0,5,6,4.2,6.416732947,8.026170859,6.3415489
212003,212,3,1,1,9,10,5.888888889,5.313269471,7.510494048,5.394256316
212004,212,3,0,0,12,9,5.083333333,5.139431904,7.624338553,5.281917837
212005,212,4,1,1,9,8,4,5.463193143,7.66041772,5.502311975
212006,212,0,2,1,2,4,4,6.551765753,7.244912933,6.621080471
212007,212,0,0,0,5,9,6.8,6.407087378,8.016525291,6.56803117
212008,212,0,1,1,1,0,0,6.381061287,6.381061287,6.381061287
212009,212,2,0,0,6,9,4.166666667,6.0806819,7.87244137,6.121122235
212010,212,6,0,0,9,4,1.444444444,5.045599538,7.242824115,5.00640813
212011,212,3,0,0,7,6,3.428571429,5.660286652,7.606196801,5.680137254
212012,212,0,2,1,3,10,3.333333333,6.955903833,8.054516122,7.065765062
212013,212,2,1,1,7,9,3.571428571,5.977313661,7.92322381,6.051726422
212014,212,1,0,0,4,3,1.75,6.208884965,7.595179327,6.241509669
212015,212,6,0,0,10,8,2.2,5.158483414,7.461068507,5.152614085
212016,212,2,1,0,9,9,4,6.180048898,8.377273475,6.304946891
213001,213,2,0,0,5,8,1.8,5.150548963,6.759986875,5.147403353
213002,213,11,1,1,21,10,4.238095238,5.931029982,8.97555242,6.02612216
213003,213,0,1,0,1,0,0,6.23873436,6.23873436,6.23873436
213004,213,2,0,0,4,10,4.75,6.334036415,7.720330776,6.271836655
213005,213,4,0,0,6,11,5.333333333,6.839579087,8.631338556,6.759841168
213006,213,4,0,0,7,5,2.142857143,6.434120022,8.380030172,6.402528052
213007,213,3,1,1,7,5,2.285714286,5.705712797,7.651622946,5.725563399
213008,213,4,1,1,12,10,3.25,5.584222749,8.069129399,5.693977802
213009,213,0,0,0,3,1,0.666666667,6.025920776,7.124533065,6.135782005
213010,213,7,1,1,15,9,3.466666667,6.239952122,8.948002324,6.322008665
213011,213,0,1,1,1,0,0,6.823956257,6.823956257,6.823956257
214001,214,6,2,1,13,11,5.076923077,5.653241383,8.21819074,5.72286089
214002,214,7,1,0,14,10,3.357142857,5.569100176,8.208157505,5.632176712
214003,214,6,1,1,12,6,2.666666667,5.112378935,7.597285585,5.160040404
214004,214,1,1,1,5,7,4.6,6.33383681,7.943274722,6.409001439
214005,214,5,0,0,15,10,5.466666667,5.476497669,8.18454787,5.608567078
214006,214,1,0,0,7,12,9.428571429,7.082866084,9.028776233,7.215363515
214007,214,3,1,0,10,10,2.2,5.754820838,8.057405931,5.859293599
214008,214,5,2,1,11,10,3.454545455,6.104122301,8.502017574,6.159596857
214009,214,5,1,1,12,8,3.416666667,6.144484822,8.629391471,6.222657687
214010,214,1,0,0,8,8,6.25,6.865417745,8.944859287,7.01879974
214011,214,0,1,1,3,6,4.666666667,6.571379054,7.669991342,6.681240282
214012,214,1,1,1,2,1,1,6.659428157,7.352575337,6.527913679
215001,215,5,0,0,8,11,6,6.899875626,8.979317168,6.863079436
215002,215,3,1,0,7,11,5.428571429,7.115983178,9.061893327,7.13583378
215003,215,2,1,1,7,6,4,5.909987895,7.855898044,5.984400657
215004,215,3,0,0,8,10,4.125,5.994344109,8.07378565,6.047623032
215005,215,1,0,0,3,4,3,6.260896656,7.359508945,6.232022273
215006,215,2,1,1,5,11,3.6,6.727267747,8.336705659,6.724122137
215007,215,1,1,1,4,10,6.25,7.28813272,8.674427081,7.320757424
215008,215,5,0,0,8,5,2.125,6.398764139,8.478205681,6.361967949
215009,215,3,0,0,9,10,6.444444444,6.111163302,8.30838788,6.192150148
215010,215,2,0,0,4,6,3.25,6.401959892,7.788254253,6.339760132
216001,216,6,1,1,13,10,3.846153846,6.148774627,8.713723984,6.218394134
216002,216,2,0,0,18,8,4.444444444,5.933699019,8.824070776,6.174075695
216003,216,5,0,0,11,5,1.545454545,4.50072376,6.898619033,4.556198316
216004,216,3,0,0,8,5,2.625,6.259833984,8.339275526,6.313112907
216005,216,3,0,0,7,9,4.571428571,5.756323092,7.702233241,5.776173694
216006,216,3,0,0,9,9,4.444444444,5.650094398,7.847318976,5.731081244
216007,216,2,0,0,4,5,3,6.590262998,7.97655736,6.528063238
216008,216,1,0,0,4,9,4,7.077597518,8.463891879,7.110222222
216009,216,2,0,0,5,7,4.2,6.890329526,8.499767438,6.887183916
216010,216,6,2,1,11,5,1.181818182,5.589673412,7.987568685,5.612417089
216011,216,7,1,0,16,10,2.9375,5.791844408,8.564433131,5.891060112
216012,216,0,0,0,4,6,4.5,6.814653952,8.200948313,6.953283388
216013,216,1,1,1,6,10,2,6.327406538,8.119166007,6.434544048
216014,216,4,0,0,6,2,0.833333333,6.164370306,7.956129775,6.084632388
216015,216,3,0,0,10,10,4.2,6.01249745,8.315082543,6.116970211
216016,216,2,1,1,6,9,3.666666667,5.970951055,7.762710524,6.01139139
216017,216,3,0,0,8,10,4.25,6.195055991,8.274497532,6.248334914
216018,216,4,1,1,8,7,3.5,5.856947158,7.9363887,5.864062116
216019,216,1,0,0,4,10,4.75,6.314249571,7.700543932,6.346874275
216020,216,4,1,0,9,10,4.333333333,5.605957836,7.803182413,5.645076668
216021,216,5,0,0,8,8,3.75,6.414020071,8.493461612,6.377223881
216022,216,2,0,0,4,6,3,6.469489581,7.855783942,6.407289821
216023,216,4,0,0,8,10,4.375,5.502010312,7.581451854,5.50912527
219001,219,5,0,0,10,10,3.4,6.40570566,8.708290753,6.435134973
219002,219,3,0,0,5,2,1,6.430837051,8.040274964,6.355653004
219003,219,3,0,0,9,3,1.111111111,6.336008803,8.53323338,6.416995649
219004,219,6,0,0,12,7,1.5,6.286129462,8.771036112,6.333790931
219005,219,5,1,1,20,5,2.15,6.494439908,9.490172181,6.688008403
219006,219,2,0,0,7,7,2.857142857,6.408726969,8.354637118,6.48313973
219007,219,1,0,0,4,6,4,6.442897106,7.829191467,6.47552181
219008,219,1,0,0,6,7,2.833333333,6.305343878,8.097103347,6.412481388
219009,219,3,0,0,6,3,1.166666667,6.350751521,8.14251099,6.329098272
219010,219,7,2,1,12,8,2.166666667,5.255980763,7.740887413,5.274131392
219011,219,2,0,0,3,0,0,6.09309936,7.191711649,5.944046724
219012,219,6,1,1,11,7,1.454545455,5.856239453,8.254134726,5.878983129
219013,219,5,0,0,7,1,0.285714286,5.794123459,7.740033608,5.71387099
219014,219,5,0,0,9,3,1.111111111,6.049915265,8.247139843,6.049027511
219015,219,7,0,0,11,3,0.818181818,6.062837502,8.460732775,6.05399899
219016,219,4,0,0,7,7,2.714285714,6.33667305,8.282583199,6.30508108
219017,219,6,1,1,12,8,1.916666667,5.520874468,8.005781117,5.568535936
219018,219,1,1,1,6,5,1.666666667,6.183388362,7.975147831,6.290525872
219019,219,1,2,1,3,0,0,6.037031153,7.135643442,6.00815677
219020,219,5,1,0,14,5,1.714285714,5.584109313,8.223166643,5.7001423
220002,220,7,0,0,9,7,1,5.449332035,7.646556613,5.373400833
220008,220,3,2,1,8,8,2.125,6.229519958,8.3089615,6.282798881
220013,220,6,0,0,12,4,1.083333333,5.664934039,8.149840688,5.712595507
220020,220,3,0,0,7,7,3.142857143,5.799346795,7.745256944,5.819197397
220025,220,1,1,1,3,6,2.333333333,6.402049092,7.50066138,6.373174709
220031,220,3,1,0,8,6,1.375,5.339396954,7.418838495,5.392675877
220037,220,6,2,2,14,3,1.214285714,4.532089991,7.171147321,4.621255311
220043,220,1,1,1,6,6,2.833333333,5.926213447,7.717972916,6.033350957
220049,220,2,0,0,4,3,1,6.483161537,7.869455898,6.420961777
220055,220,5,0,0,9,10,2.666666667,5.742204896,7.939429473,5.741317141
220056,220,8,1,1,13,6,2.076923077,5.24869437,7.813643727,5.263751718
220061,220,4,0,0,10,6,1.5,5.177260722,7.479845815,5.24342983
220067,220,3,1,0,14,8,4.142857143,4.456679025,7.095736354,4.628980333
221001,221,6,1,1,12,9,1.916666667,6.136446098,8.621352747,6.184107566
221002,221,3,0,0,7,11,4.857142857,5.146980461,7.09289061,5.166831063
221003,221,6,0,0,15,10,4.933333333,5.842322492,8.550372693,5.949038111
221004,221,3,0,0,5,8,2.4,5.683374931,7.292812843,5.608190884
221005,221,4,0,0,8,6,2.5,5.3246368,7.404078341,5.331751758
221006,221,1,2,1,5,10,5.4,6.909721297,8.51915921,6.984885927
221007,221,2,0,0,4,8,4.25,6.435465172,7.821759534,6.373265412
221008,221,4,0,0,6,5,2.166666667,6.340898675,8.132658144,6.261160757
221009,221,4,0,0,10,9,4.3,5.100668666,7.403253759,5.166837775
221010,221,0,0,0,1,0,0,6.011969009,6.011969009,6.011969009
221011,221,2,0,0,5,10,6.2,5.974002065,7.583439978,5.970856455
221012,221,3,1,1,7,10,4.571428571,6.495584296,8.441494445,6.515434898
221013,221,2,0,0,5,12,7.8,6.988965679,8.598403592,6.985820069
221014,221,3,1,0,5,8,3.4,6.241489873,7.850927786,6.166305827
221015,221,3,0,0,4,3,1.25,5.989775187,7.376069548,5.841796265
221016,221,4,0,0,8,7,3.375,5.419405939,7.498847481,5.426520897
222001,222,7,3,2,16,6,1.5625,6.139179342,8.911768064,6.238395045
222002,222,0,1,1,4,7,4,6.096401801,7.482696163,6.235031238
222003,222,4,1,1,9,8,2.444444444,5.736618024,7.933842601,5.775736856
222004,222,4,0,0,6,7,2.333333333,5.504942355,7.296701824,5.425204436
222005,222,4,0,0,7,9,3.857142857,6.339287962,8.285198111,6.307695991
222006,222,0,0,0,3,5,1.666666667,6.926097887,8.024710176,7.035959116
222007,222,0,2,2,7,6,1.857142857,5.743188803,7.689098952,5.937779818
222008,222,0,0,0,7,11,8.285714286,6.053050553,7.998960703,6.247641568
222009,222,2,0,0,8,10,6.75,6.488094501,8.567536043,6.590033923
222010,222,5,0,0,8,7,2,6.130664337,8.210105879,6.093868147
222011,222,9,0,0,14,10,3.428571429,6.564104529,9.203161859,6.5771682
222012,222,7,1,1,15,11,5.666666667,5.676610158,8.384660359,5.7586667
222013,222,3,0,0,12,10,6.083333333,5.674246254,8.159152904,5.816732187
222014,222,6,1,1,14,9,5.357142857,5.702370883,8.341428213,5.791536203
222015,222,5,0,0,7,2,0.571428571,6.087990114,8.033900263,6.007737644
222016,222,3,0,0,6,2,0.666666667,6.354065648,8.145825117,6.332412398
223001,223,0,0,0,8,10,1.625,5.59402306,7.673464602,5.801967214
223002,223,4,0,0,8,10,6.5,6.520966943,8.600408485,6.528081901
223003,223,2,0,0,9,5,1.333333333,5.454860724,7.652085301,5.579758718
223004,223,10,0,0,15,7,0.6,5.691107586,8.399157787,5.70299874
223005,223,2,0,0,4,11,5,6.9836961,8.369990461,6.92149634
223006,223,6,0,0,9,9,2.444444444,6.086512492,8.283737069,6.047321085
223007,223,4,1,1,11,9,3.727272727,5.682580335,8.080475608,5.772021187
223008,223,5,0,0,8,6,1.375,6.282199748,8.36164129,6.245403559
223009,223,5,0,0,10,4,0.5,6.053080729,8.355665822,6.082510042
223010,223,7,1,1,19,7,0.578947368,5.42874527,8.37318425,5.571020471
223011,223,1,0,0,3,5,3,6.739661798,7.838274086,6.710787415
223012,223,6,0,0,9,2,1,5.508911015,7.706135592,5.469719607
223013,223,4,0,0,9,1,0.222222222,5.983656833,8.18088141,6.022775665
223014,223,5,0,0,10,5,2.4,6.138913902,8.441498995,6.168343215
223015,223,4,0,0,6,1,0.166666667,5.740227386,7.531986855,5.660489467
223016,223,4,0,0,13,4,0.307692308,5.533709439,8.098658796,5.661413615
223017,223,7,2,1,15,7,0.8,5.639905078,8.347955279,5.72196162
223018,223,9,0,0,16,1,0.3125,5.436299683,8.208888405,5.490506008
224001,224,3,1,1,8,10,4.375,5.617486022,7.696927564,5.670764945
224002,224,4,0,0,8,10,5.375,5.73966917,7.819110712,5.746784128
224003,224,4,1,1,9,1,0.333333333,5.36955109,7.566775667,5.408669922
224004,224,3,0,0,9,8,2.777777778,5.74428742,7.941511997,5.825274265
224005,224,6,1,1,11,9,2.909090909,5.336856197,7.73475147,5.359599873
224006,224,5,0,0,8,7,3.375,5.953825263,8.033266804,5.917029073
224007,224,2,0,0,7,8,2.142857143,6.274362979,8.220273128,6.34877574
224008,224,8,0,0,19,10,2.105263158,5.762021212,8.706460191,5.884515397
224009,224,4,2,1,8,6,1.625,6.09170325,8.171144792,6.098818208
224010,224,3,0,0,8,9,5.125,6.031648185,8.111089727,6.084927108
224011,224,0,1,1,5,8,4.4,6.097079085,7.706516998,6.258022877
224012,224,1,0,0,3,4,1.333333333,6.873108267,7.971720556,6.844233884
224013,224,3,0,0,5,5,1,6.274356468,7.88379438,6.199172421
224014,224,5,0,0,7,3,1.142857143,5.783285781,7.72919593,5.703033312
224015,224,5,0,0,7,9,3.714285714,6.205530255,8.151440404,6.125277786
224016,224,0,0,0,2,3,2,6.585130066,7.278277246,6.654444784
224017,224,5,0,0,14,8,3.642857143,6.419273659,9.058330989,6.535306646
224018,224,4,0,0,6,3,1.666666667,5.807922341,7.599681811,5.728184423
224019,224,1,0,0,3,0,0,6.313090285,7.411702574,6.284215902
224020,224,5,0,0,7,9,2.428571429,6.196608185,8.142518334,6.116355715
224021,224,1,1,1,4,11,5.5,6.179463132,7.565757493,6.212087836
224022,224,6,1,1,12,9,3.833333333,5.948397377,8.433304027,5.996058846
224023,224,7,0,0,15,8,3,5.869159715,8.577209916,5.951216257
224024,224,0,1,1,5,10,4,7.306780973,8.916218885,7.467724764
224025,224,4,1,1,9,5,1,6.164375645,8.361600222,6.203494477
224026,224,1,0,0,4,0,0,5.453846099,6.840140461,5.486470804
225001,225,3,0,0,6,9,3,5.835124888,7.626884358,5.813471639
225002,225,4,2,1,11,8,2.818181818,5.888825246,8.286720518,5.978266097
225003,225,9,1,1,17,10,4.176470588,5.849605333,8.682818677,5.921571036
225004,225,3,0,0,6,5,2.833333333,5.874791172,7.666550641,5.853137923
225005,225,0,0,0,1,10,10,6.878011133,6.878011133,6.878011133
225006,225,4,0,0,9,8,2.555555556,5.635163505,7.832388082,5.674282337
225007,225,1,0,0,5,9,5.2,5.791673956,7.401111868,5.866838585
225008,225,6,0,0,8,6,2.125,5.704763682,7.784205224,5.626099478
225009,225,3,0,0,8,4,1.25,5.018872827,7.098314369,5.07215175
225010,225,2,1,1,5,8,2,6.122155983,7.731593895,6.119010373
225011,225,0,1,1,4,8,3.5,6.106747896,7.493042257,6.245377332
225012,225,4,0,0,7,8,3.857142857,5.785806557,7.731716706,5.754214586
225013,225,0,0,0,4,10,6.25,6.865414828,8.251709189,7.004044264
225014,225,3,0,0,6,4,2.5,5.807418139,7.599177608,5.78576489
225015,225,3,0,0,5,6,2.6,6.491631409,8.101069322,6.416447363
225016,225,1,1,1,4,4,2,5.756391589,7.14268595,5.789016293
225017,225,2,0,0,7,10,5.142857143,5.810344141,7.75625429,5.884756902
225018,225,0,0,0,7,10,5.857142857,6.008522519,7.954432669,6.203113534
225019,225,5,2,1,18,7,2.111111111,5.247383977,8.137755735,5.419373337
225020,225,5,0,0,9,6,1.555555556,5.133863186,7.331087764,5.132975432
225021,225,2,0,0,7,7,4.428571429,5.370946661,7.31685681,5.445359422
226008,226,5,0,0,11,5,1.363636364,5.244945725,7.642840998,5.300420281
226014,226,2,0,0,6,6,3.833333333,6.160951404,7.952710874,6.201391739
226020,226,7,1,1,15,12,5.733333333,6.483251821,9.191302022,6.565308363
226024,226,1,1,1,4,9,5,6.811271353,8.197565714,6.843896057
226025,226,4,1,1,13,10,5.692307692,4.987176403,7.552125761,5.11488058
226030,226,4,0,0,10,11,5.3,5.582344219,7.884929312,5.648513327
226031,226,4,0,0,6,10,3.5,6.540556367,8.332315836,6.460818449
226043,226,3,3,2,8,9,2.75,6.032109684,8.111551225,6.085388607
226048,226,5,0,0,9,4,1.555555556,6.438665871,8.635890449,6.437778117
226054,226,3,0,0,7,6,3.571428571,6.527264701,8.47317485,6.547115303
226060,226,8,0,0,17,8,2.705882353,5.370362296,8.20357564,5.463505446
226062,226,4,1,1,9,10,3.666666667,5.841345338,8.038569916,5.88046417
226063,226,4,0,0,6,6,2.5,6.554380854,8.346140324,6.474642936
226066,226,19,1,1,31,8,2.290322581,5.366152488,8.800139692,5.468967915
226077,226,2,0,0,9,10,5,6.088679656,8.285904233,6.213577649
226083,226,6,0,0,14,10,5.285714286,6.391199015,9.030256345,6.480364335
226089,226,3,0,0,7,10,5.714285714,6.600079609,8.545989758,6.619930211
227001,227,8,0,0,16,9,2.875,5.496473132,8.269061854,5.572902808
227002,227,8,1,0,18,6,1.111111111,5.293092371,8.183464129,5.401525921
227003,227,4,2,2,12,10,2.166666667,5.212265388,7.697172037,5.322020441
227004,227,5,1,1,15,10,3.6,6.304531618,9.012581819,6.436601026
227005,227,4,1,1,10,8,3.3,5.983696812,8.286281905,6.04986592
227006,227,8,0,0,16,6,1.5625,6.132696501,8.905285223,6.209126177
227007,227,14,1,0,20,2,0.45,4.713527921,7.709260194,4.743007015
227008,227,2,1,0,10,2,0.5,5.224620062,7.527205155,5.36909941
227009,227,2,1,0,8,5,1.875,5.634623526,7.714065068,5.736562948
227010,227,0,1,0,3,0,0,6.671493293,7.770105581,6.781354521
227011,227,5,0,0,7,4,1.571428571,5.423858807,7.369768956,5.343606337
227012,227,4,1,1,9,2,1,5.351152092,7.54837667,5.390270924
227013,227,5,0,0,13,6,2.307692308,5.099338781,7.664288138,5.197532116
227014,227,3,1,1,7,6,0.857142857,5.365541958,7.311452107,5.38539256
227015,227,1,1,0,8,3,1,6.011506048,8.090947589,6.164888042
227016,227,4,0,0,7,6,1.428571429,6.706224264,8.652134413,6.674632293
227017,227,2,1,0,5,3,1.2,5.729082132,7.338520044,5.725936522
227018,227,6,0,0,9,6,1.555555556,6.621825582,8.819050159,6.582634174
227019,227,4,0,0,8,5,1.875,5.938205972,8.017647514,5.94532093
227020,227,4,2,1,13,9,4,6.133268645,8.698218003,6.260972822
227021,227,6,1,1,14,10,4.142857143,6.502973308,9.142030637,6.592138628
228001,228,2,2,1,6,10,5.166666667,6.039480074,7.831239544,6.079920409
228002,228,1,0,0,4,8,5.5,6.645387715,8.031682076,6.678012419
228003,228,1,1,1,4,1,0.25,6.098714478,7.485008839,6.131339182
228004,228,0,0,0,3,4,1.333333333,6.813271097,7.911883386,6.923132326
228005,228,5,0,0,10,10,4.5,5.878429874,8.181014967,5.907859187
228006,228,5,0,0,9,10,4.555555556,6.033616543,8.23084112,6.032728788
228007,228,7,1,1,19,10,4.789473684,4.858699775,7.803138754,5.000974976
228008,228,1,1,1,7,11,6.571428571,5.839752484,7.785662633,5.972249915
228009,228,2,0,0,5,2,0.6,4.465321165,6.074759077,4.462175555
228010,228,4,0,0,6,5,1.333333333,6.390588566,8.182348036,6.310850648
228011,228,1,0,0,6,10,7.666666667,6.682405079,8.474164548,6.789542589
228012,228,1,1,1,6,7,3,6.156576615,7.948336085,6.263714126
228013,228,4,0,0,6,5,2.333333333,5.971297084,7.763056554,5.891559166
228014,228,7,0,0,11,10,3.636363636,5.627182757,8.02507803,5.618344245
228015,228,8,1,1,12,4,1.166666667,5.918713256,8.403619906,5.908290056
228016,228,3,0,0,7,8,3.857142857,5.808830188,7.754740337,5.828680789
228017,228,0,0,0,2,1,0.5,6.269001709,6.96214889,6.338316428
228018,228,8,0,0,14,8,2.428571429,5.038417963,7.677475292,5.07614071
228019,228,2,0,0,4,10,5.75,6.116426458,7.502720819,6.054226698
228020,228,4,1,1,10,10,4,6.352384045,8.654969138,6.418553154
229001,229,7,1,1,15,10,3.666666667,5.604186416,8.312236617,5.686242958
229002,229,5,1,1,17,10,4.823529412,5.376358399,8.209571743,5.536198724
229003,229,7,1,1,12,10,4.333333333,6.811883631,9.296790281,6.830034259
229004,229,8,1,1,13,10,2.923076923,5.8680349,8.432984258,5.883092248
229005,229,4,0,0,8,7,4,5.994183981,8.073625522,6.001298939
229006,229,6,1,1,11,10,3.909090909,5.944655155,8.342550427,5.967398831
229007,229,7,1,0,12,10,3.083333333,5.726357859,8.211264509,5.744508488
229008,229,2,2,1,8,10,5.125,6.179344218,8.25878576,6.28128364
229009,229,2,1,1,5,10,4.6,5.775556779,7.384994692,5.77241117
229010,229,5,1,1,12,10,5,5.45094418,7.935850829,5.529117045
229011,229,2,0,0,8,1,0.5,6.188006852,8.267448394,6.289946274
229012,229,3,0,0,7,10,6.142857143,6.452709833,8.398619982,6.472560434
229013,229,7,0,0,18,8,1.444444444,5.93498603,8.825357787,6.064110146
229014,229,10,1,1,18,5,1.166666667,5.991133361,8.881505119,6.059560325
229015,229,5,0,0,11,7,2.545454545,5.533775069,7.931670341,5.589249624
229016,229,2,0,0,7,6,3.857142857,6.138528245,8.084438394,6.212941006
229017,229,7,0,0,14,10,3.642857143,5.516628625,8.155685955,5.579705162
229018,229,5,0,0,7,3,0.857142857,5.682550782,7.628460931,5.602298312
229019,229,4,1,1,13,6,1.307692308,5.29634014,7.861289498,5.424044317
230001,230,3,0,0,5,10,5.4,6.72285378,8.332291693,6.647669734
230002,230,2,0,0,7,10,5.428571429,5.698318019,7.644228168,5.772730781
230003,230,4,0,0,12,8,3.416666667,5.438530587,7.923437236,5.54828564
230004,230,2,1,1,4,7,2.5,6.438147501,7.824441862,6.375947741
230005,230,5,1,1,8,8,3.25,5.684056598,7.763498139,5.647260408
230006,230,2,0,0,6,5,3.333333333,5.609013334,7.400772803,5.649453669
230007,230,3,2,1,12,8,3.416666667,5.825060606,8.309967256,5.967546539
230008,230,0,1,1,6,10,6,5.899410115,7.691169584,6.078586062
230009,230,3,0,0,6,9,4,5.960892729,7.752652199,5.93923948
230010,230,5,0,0,12,9,2.583333333,5.190223203,7.675129853,5.268396068
230011,230,9,0,0,12,4,0.833333333,5.590087298,8.074993948,5.551969605
230012,230,3,0,0,5,3,1.6,5.755956168,7.36539408,5.680772121
230013,230,2,0,0,5,2,0.6,5.84896384,7.458401752,5.84581823
230014,230,1,0,0,6,8,4.666666667,6.125756829,7.917516298,6.232894339
230015,230,1,0,0,3,8,5,6.203364184,7.301976473,6.174489801
231001,231,8,0,0,13,5,1.615384615,5.464493467,8.029442825,5.479550815
231002,231,1,0,0,5,8,3.6,6.177597178,7.78703509,6.252761807
231003,231,1,0,0,9,10,2.888888889,6.195776075,8.393000652,6.366838033
231004,231,2,1,0,9,11,6.111111111,6.065350361,8.262574939,6.190248355
231005,231,2,0,0,9,10,5.333333333,5.745248259,7.942472836,5.870146253
231006,231,7,1,1,18,10,3.666666667,5.590508496,8.480880254,5.719632612
231007,231,3,0,0,5,5,2.6,6.294677629,7.904115541,6.219493582
231008,231,0,0,0,2,3,3,7.00018913,7.69333631,7.069503848
231009,231,8,0,0,16,6,1.8125,5.476493179,8.249081902,5.552922855
231010,231,9,0,0,18,10,3.611111111,5.44779247,8.338164228,5.53600045
231011,231,2,0,0,7,4,2.285714286,6.108979769,8.054889918,6.183392531
231012,231,1,1,0,4,7,3.75,5.864881529,7.25117589,5.897506233
231013,231,1,2,1,5,11,6.8,6.500495406,8.109933318,6.575660035
231014,231,2,0,0,6,7,2.5,5.8702935,7.662052969,5.910733835
231015,231,5,0,0,14,8,1.5,5.481878731,8.120936061,5.597911718
231016,231,4,2,1,16,6,3.1875,5.654241372,8.426830094,5.825495512
231017,231,1,0,0,5,2,0.8,6.611130171,8.220568084,6.686294801
231018,231,4,1,1,10,7,3.4,5.837682287,8.14026738,5.903851395
232001,232,5,0,0,9,8,3.777777778,6.707305739,8.904530316,6.706417985
232002,232,1,1,1,6,10,6.5,6.350816405,8.142575875,6.457953915
232003,232,0,2,1,10,10,5.8,5.630917981,7.933503074,5.86117649
232004,232,2,2,1,10,10,6.1,6.73972619,9.042311283,6.884205538
232005,232,0,1,0,12,10,5.416666667,6.085629158,8.570535808,6.334119823
232006,232,4,0,0,11,9,4.181818182,5.924987834,8.322883107,6.014428686
232007,232,4,0,0,11,8,3.636363636,5.93388873,8.331784003,6.023329581
232008,232,0,0,0,10,10,5.8,6.266366392,8.568951485,6.496624901
232009,232,4,0,0,10,9,3.1,5.749923658,8.052508751,5.816092766
232010,232,1,0,0,7,10,6.142857143,5.599665228,7.545575377,5.732162659
232011,232,3,2,2,13,9,3.923076923,4.978498228,7.543447586,5.136713801
232012,232,1,0,0,9,7,2.666666667,5.450567715,7.647792293,5.621629674
232013,232,0,0,0,8,10,7.75,6.445726492,8.525168034,6.653670646
232014,232,1,0,0,9,10,7.555555556,6.005135853,8.20236043,6.176197811
232015,232,4,0,0,9,8,4,6.097705131,8.294929709,6.136823963
232016,232,7,1,1,14,5,2.285714286,5.5154763,8.15453363,5.578552837
232017,232,4,1,0,11,11,5.636363636,6.319970868,8.717866141,6.409411719
232018,232,0,1,1,2,10,6,7.213263868,7.906411049,7.282578586
232019,232,5,1,1,10,11,4.8,6.089305483,8.391890576,6.118734796
232020,232,5,0,0,13,10,5.846153846,6.694768076,9.259717434,6.792961412
233001,233,8,1,1,13,6,2.846153846,5.786371622,8.351320979,5.80142897
233002,233,3,0,0,6,5,2.166666667,6.072517598,7.864277067,6.050864348
233003,233,2,1,1,8,7,2.75,6.400821505,8.480263047,6.502760927
233004,233,2,0,0,6,4,1.833333333,6.175865412,7.967624881,6.216305747
233005,233,2,0,0,4,5,2.5,6.366476854,7.752771215,6.304277094
233006,233,4,0,0,11,6,2.727272727,4.866966816,7.264862089,4.956407667
233007,233,4,2,1,9,7,2.333333333,5.793570025,7.990794603,5.832688857
233008,233,2,0,0,7,8,3.285714286,6.271907082,8.217817231,6.346319843
233009,233,4,0,0,5,5,1.4,6.429061245,8.038499157,6.287180023
233010,233,6,0,0,8,2,0.625,6.425644243,8.505085784,6.346980039
233011,233,3,0,0,6,8,2.5,5.453527132,7.245286602,5.431873883
233012,233,8,1,1,16,8,2.875,5.778592691,8.551181414,5.855022367
233013,233,6,0,0,9,7,1.555555556,5.536741685,7.733966263,5.497550278
233014,233,2,0,0,8,9,4.375,5.973150511,8.052592052,6.075089933
233015,233,4,2,1,11,10,3,5.866222393,8.264117666,5.955663244
233016,233,4,0,0,7,5,1.571428571,5.93070085,7.876610999,5.89910888
233017,233,0,0,0,7,4,3.142857143,5.523891243,7.469801392,5.718482258
233018,233,4,0,0,7,7,2,5.92552722,7.871437369,5.893935249
233019,233,5,1,1,8,3,0.875,4.698107131,6.777548672,4.661310941
233020,233,5,0,0,7,4,1.142857143,5.598911291,7.54482144,5.518658821
233021,233,6,0,0,10,6,1.8,5.064439167,7.36702426,5.058569838
233022,233,3,0,0,8,7,2.125,5.618878699,7.69832024,5.672157622
233023,233,6,2,1,13,1,0.384615385,5.555674904,8.120624261,5.625294411
233024,233,2,0,0,4,8,3.75,5.867549316,7.253843677,5.805349556
233025,233,9,0,0,18,7,2.222222222,5.074755562,7.96512732,5.162963542
233026,233,6,0,0,10,6,2,5.529013467,7.83159856,5.523144138
233027,233,5,1,1,7,9,3.285714286,5.827509174,7.773419323,5.747256704
234004,234,1,1,1,6,7,3.5,5.56684495,7.35860442,5.67398246
234009,234,2,1,1,5,8,4.4,7.23191015,8.841348063,7.22876454
234010,234,6,0,0,8,11,4,6.762874844,8.842316386,6.684210641
234017,234,0,2,1,2,4,3,6.635890096,7.329037276,6.705204814
234023,234,2,0,0,7,10,5.714285714,5.625678259,7.571588408,5.70009102
234030,234,6,1,1,17,8,2.352941176,5.628929669,8.462143013,5.765983967
234032,234,6,1,1,9,10,3.222222222,6.222994901,8.420219478,6.183803494
234036,234,9,1,1,19,10,3.684210526,5.661479665,8.605918644,5.764618265
234042,234,3,1,1,11,10,4.909090909,5.646343995,8.044239268,5.771083488
234049,234,4,0,0,6,7,2,5.770094209,7.561853678,5.690356291
234055,234,4,0,0,6,8,2.666666667,6.678333079,8.470092548,6.59859516
234062,234,4,1,1,9,10,4.111111111,5.574728661,7.771953238,5.613847493
234068,234,2,1,1,8,8,4.125,5.675155214,7.754596755,5.777094636
234074,234,6,0,0,10,9,2.9,6.100170252,8.402755345,6.094300923
234075,234,3,0,0,5,10,4.2,6.450755734,8.060193647,6.375571687
234078,234,0,2,1,2,6,3,7.18449608,7.87764326,7.253810798
234079,234,0,0,0,4,8,6,6.37348169,7.759776051,6.512111126
234081,234,3,0,0,9,10,4.222222222,5.220328329,7.417552907,5.301315175
234094,234,5,0,0,15,9,3.533333333,5.266339716,7.974389917,5.398409125
234106,234,3,0,0,5,3,1.4,5.473870566,7.083308479,5.39868652
234113,234,5,2,1,11,10,2.818181818,6.175239551,8.573134824,6.230714107
234132,234,4,1,1,8,6,1.75,6.059657184,8.139098725,6.066772142
234138,234,6,1,1,14,11,3.5,6.169821389,8.808878719,6.258986709
234145,234,5,2,1,8,6,3.25,6.029753829,8.109195371,5.992957639
234151,234,5,0,0,8,8,3.125,5.654594794,7.734036336,5.617798604
234164,234,9,1,0,15,4,1.733333333,6.336650671,9.044700872,6.371327853
234170,234,5,0,0,7,6,2.571428571,5.517483771,7.46339392,5.437231302
234177,234,2,0,0,7,8,3.142857143,5.970323586,7.916233735,6.044736347
234190,234,0,0,0,2,2,2,6.529764393,7.222911574,6.599079111
235001,235,4,0,0,11,8,2.818181818,5.197341099,7.595236372,5.28678195
235002,235,1,0,0,4,8,3.25,5.530370746,6.916665108,5.56299545
235003,235,6,0,0,12,10,3.166666667,5.358128959,7.843035608,5.405790427
235004,235,4,1,1,12,10,5.333333333,5.039177469,7.524084119,5.148932522
235005,235,4,0,0,9,10,4.444444444,5.540925068,7.738149645,5.5800439
235006,235,1,1,1,5,5,1.2,5.419039684,7.028477597,5.494204314
235007,235,4,1,1,7,6,2.857142857,5.508563366,7.454473515,5.476971395
235008,235,3,0,0,5,5,1.8,5.682882005,7.292319918,5.607697959
235009,235,2,0,0,6,8,4.666666667,7.334027269,9.125786738,7.374467604
235010,235,0,0,0,1,8,8,6.690031381,6.690031381,6.690031381
235011,235,2,0,0,8,9,6.125,5.657720976,7.737162518,5.759660398
235012,235,1,1,1,6,8,2.666666667,6.010501329,7.802260799,6.117638839
235013,235,5,0,0,7,2,0.714285714,5.805077635,7.750987784,5.724825165
235014,235,3,2,1,8,10,3.125,6.31200863,8.391450172,6.365287553
235015,235,1,0,0,3,5,3.333333333,6.043273897,7.141886186,6.014399514
235016,235,1,1,1,4,7,1.75,5.971944557,7.358238918,6.004569261
236001,236,4,0,0,10,8,1.4,5.86125248,8.163837573,5.927421589
236002,236,9,1,1,24,10,4.916666667,5.713223656,8.891277486,5.876363807
236003,236,0,0,0,1,5,5,6.915240273,6.915240273,6.915240273
236004,236,4,1,1,8,5,3,5.484768387,7.564209928,5.491883345
236005,236,0,0,0,8,9,5.625,5.940969533,8.020411075,6.148913688
236006,236,9,0,0,17,9,2.705882353,5.515568199,8.348781544,5.587533902
236007,236,5,0,0,12,9,4.166666667,5.318496444,7.803403094,5.396669309
236008,236,0,0,0,6,7,4.166666667,6.627335626,8.419095095,6.806511573
236009,236,2,1,0,6,1,0.666666667,5.916907142,7.708666611,5.957347477
236010,236,3,0,0,6,1,0.333333333,6.057161207,7.848920676,6.035507957
236011,236,1,0,0,6,3,1.166666667,5.28097609,7.072735559,5.3881136
236012,236,2,0,0,5,11,3.4,5.859034103,7.468472015,5.855888493
236013,236,5,0,0,9,9,3.444444444,6.10552219,8.302746768,6.104634436
236014,236,4,0,0,7,5,1.285714286,5.90022462,7.846134769,5.86863265
236015,236,2,0,0,5,9,4.4,6.296162568,7.90560048,6.293016958
236016,236,2,0,0,7,7,3.142857143,6.062861846,8.008771995,6.137274607
236017,236,3,0,0,6,6,4.333333333,6.123550173,7.915309643,6.101896924
236018,236,3,0,0,7,8,4.714285714,6.731745095,8.677655244,6.751595697
236019,236,1,1,1,10,10,6.5,5.890553837,8.19313893,6.076901199
236020,236,4,0,0,7,10,3,7.006215595,8.952125744,6.974623624
236021,236,0,0,0,2,7,6.5,6.996796603,7.689943783,7.066111321
236022,236,1,0,0,8,9,5.625,6.134479973,8.213921514,6.287861967
236023,236,5,0,0,11,9,4.545454545,5.198821766,7.596717039,5.254296322
236024,236,0,1,1,2,0,0,6.36510848,7.058255661,6.434423198
236025,236,5,0,0,10,10,4.5,6.028291564,8.330876657,6.057720877
236026,236,4,1,1,7,2,0.428571429,5.932361207,7.878271356,5.900769236
236027,236,3,0,0,7,6,4.142857143,5.808914162,7.754824311,5.828764764
236028,236,5,1,1,9,10,3.666666667,6.366270271,8.563494848,6.365382516
237001,237,6,1,1,9,2,0.444444444,5.216637128,7.413861705,5.177445721
237002,237,6,1,1,11,8,2.818181818,5.557515722,7.955410995,5.580259398
237003,237,4,0,0,6,7,1.666666667,6.119795471,7.91155494,6.040057553
237004,237,8,0,0,17,5,1.294117647,5.567818456,8.4010318,5.660961606
237005,237,0,1,0,2,3,2.5,6.492411683,7.185558864,6.561726401
237006,237,3,0,0,8,10,3.125,5.822757358,7.9021989,5.876036281
237007,237,5,0,0,7,3,0.714285714,5.554583601,7.50049375,5.474331131
237008,237,3,0,0,6,4,1.666666667,6.286793457,8.078552927,6.265140208
237009,237,2,0,0,4,2,0.5,6.309225939,7.6955203,6.247026179
237010,237,6,1,1,13,6,1.692307692,5.566119244,8.131068601,5.635738751
237011,237,4,1,0,11,10,3.272727273,5.934947042,8.332842315,6.024387893
237012,237,1,1,1,4,8,4.75,6.405437603,7.791731964,6.438062307
237013,237,7,0,0,15,9,2.133333333,5.374114947,8.082165148,5.456171489
237014,237,5,1,0,7,2,0.571428571,5.745094383,7.691004532,5.664841914
237015,237,6,0,0,14,7,2.357142857,5.541009293,8.180066623,5.630174613
237016,237,3,0,0,8,10,4.375,6.56604803,8.645489571,6.619326953
237017,237,3,1,1,8,9,5.25,6.247067987,8.326509529,6.30034691
237018,237,6,0,0,9,8,2.555555556,5.734849708,7.932074285,5.6956583
237019,237,5,1,0,9,3,0.777777778,5.252386291,7.449610869,5.251498537
237020,237,3,0,0,7,4,1,5.646444755,7.592354904,5.666295357
237021,237,3,0,0,6,5,2.166666667,5.886249442,7.678008912,5.864596193
237022,237,1,1,1,7,5,2.857142857,5.296695539,7.242605688,5.42919297
237023,237,2,0,0,4,6,3,6.428953911,7.815248272,6.366754151
237024,237,4,0,0,6,4,2,5.933147698,7.724907167,5.85340978
237025,237,4,1,1,7,6,2.285714286,5.61138506,7.557295209,5.57979309
238001,238,6,0,0,10,9,3.9,5.618197971,7.920783064,5.612328642
238002,238,2,0,0,4,3,1.25,5.759742348,7.146036709,5.697542588
238003,238,4,0,0,8,6,1.75,6.252487311,8.331928853,6.259602269
238004,238,0,2,1,2,0,0,6.757508041,7.450655221,6.826822759
238005,238,3,1,1,10,10,6.1,5.389777734,7.692362827,5.494250495
238006,238,2,1,1,10,9,1.5,5.244953125,7.547538218,5.389432473
238007,238,5,1,1,12,7,3,5.746752558,8.231659208,5.824925423
238008,238,3,0,0,5,5,1.4,5.968031521,7.577469433,5.892847474
238009,238,3,1,1,10,10,4.1,5.071677281,7.374262374,5.176150043
238010,238,2,0,0,8,8,4.25,5.572243671,7.651685213,5.674183094
238011,238,3,1,1,7,9,2.571428571,5.862603035,7.808513184,5.882453637
238012,238,2,0,0,7,9,3.142857143,5.445095121,7.391005271,5.519507883
238013,238,2,1,1,11,9,4.090909091,5.112567993,7.510463266,5.274047281
238014,238,4,0,0,10,10,2.5,5.179928799,7.482513892,5.246097907
238015,238,0,0,0,2,5,3.5,6.161172311,6.854319491,6.230487029
238016,238,4,0,0,11,9,4.909090909,6.258416652,8.656311925,6.347857503
238017,238,2,0,0,8,7,2.875,6.05254137,8.131982911,6.154480792
238018,238,6,0,0,12,5,1.166666667,4.968034942,7.452941592,5.015696411
238019,238,4,0,0,6,5,1.166666667,6.32584466,8.117604129,6.246106742
238020,238,2,0,0,6,5,3,5.624685576,7.416445045,5.665125911
238021,238,1,1,1,4,10,5,6.060485899,7.44678026,6.093110603
238022,238,3,1,1,12,10,3.583333333,5.312666356,7.797573005,5.455152288
238023,238,3,1,1,5,8,3,6.142074954,7.751512867,6.066890908
238024,238,3,1,1,11,8,3.909090909,5.347084893,7.744980166,5.471824386
239003,239,6,0,0,10,8,2.5,6.364067926,8.666653019,6.358198597
239007,239,8,0,0,16,4,0.75,4.766539257,7.539127979,4.842968933
239011,239,6,0,0,14,11,3.714285714,6.539043848,9.178101178,6.628209168
239015,239,7,0,0,9,5,1.111111111,5.928647872,8.125872449,5.852716669
239020,239,1,0,0,5,7,1.4,6.143450932,7.752888844,6.218615561
239024,239,4,1,1,11,8,2.818181818,5.525584782,7.923480055,5.615025633
239028,239,6,0,0,11,9,2.090909091,5.973063991,8.370959264,5.995807667
240001,240,2,0,0,9,8,4.222222222,5.854596036,8.051820613,5.979494029
240002,240,2,0,0,7,5,2.571428571,4.742171639,6.688081788,4.8165844
240003,240,2,0,0,5,6,2.4,5.488768957,7.09820687,5.485623348
240004,240,3,1,1,11,10,4.545454545,5.492373078,7.890268351,5.617112571
240005,240,4,1,1,10,11,5.5,5.848790539,8.151375632,5.914959647
240006,240,5,1,1,8,10,3.25,5.61748878,7.696930322,5.58069259
240007,240,5,0,0,11,10,4.090909091,5.235159225,7.633054498,5.290633781
240008,240,0,0,0,4,10,7.75,6.01499124,7.401285601,6.153620676
240009,240,0,0,0,4,8,4.5,5.603145457,6.989439819,5.741774894
240010,240,5,0,0,10,4,0.6,4.951708814,7.254293907,4.981138127
240011,240,3,2,1,6,7,3.333333333,6.386940824,8.178700293,6.365287575
240012,240,4,1,1,13,9,3.615384615,5.77501726,8.339966617,5.902721436
240013,240,1,1,0,3,1,1,6.727236628,7.825848916,6.698362245
240014,240,2,0,0,6,6,4,5.935806417,7.727565886,5.976246752
240015,240,3,1,1,8,8,2.625,6.131717172,8.211158714,6.184996095
240016,240,2,1,1,7,6,3.571428571,5.262766647,7.208676796,5.337179408
240017,240,3,0,0,8,9,3.375,5.899517811,7.978959353,5.952796734
240018,240,3,0,0,5,9,4,4.955814797,6.56525271,4.880630751
240019,240,1,0,0,7,8,4,6.196793902,8.142704051,6.329291332
240020,240,6,0,0,11,10,4.545454545,5.73630743,8.134202703,5.759051106
240021,240,4,0,0,7,6,3.285714286,6.482509047,8.428419196,6.450917076
240022,240,2,0,0,7,9,7,6.587171833,8.533081982,6.661584595
240023,240,4,0,0,8,6,3,5.627776489,7.707218031,5.634891447
240024,240,5,1,1,16,10,5.9375,5.995165556,8.767754278,6.141760619
241001,241,2,1,1,8,6,3,6.165579889,8.24502143,6.267519311
241002,241,3,0,0,5,7,3,5.980750732,7.590188645,5.905566685
241003,241,3,0,0,7,8,3.571428571,5.11644448,7.062354629,5.136295081
241004,241,3,0,0,6,4,1.833333333,5.850261259,7.642020728,5.828608009
241005,241,2,1,1,8,8,3.125,5.784335186,7.863776728,5.886274608
241006,241,3,0,0,6,9,3.833333333,6.069151026,7.860910496,6.047497777
241007,241,2,1,1,9,11,4.777777778,6.112843789,8.310068366,6.237741782
241008,241,2,0,0,5,9,3.8,6.827903706,8.437341618,6.824758096
241009,241,3,0,0,6,7,3.5,7.086650269,8.878409738,7.06499702
241010,241,2,0,0,4,9,4.5,6.833366734,8.219661095,6.771166974
241011,241,6,2,1,14,10,3.5,5.389545146,8.028602475,5.478710466
241012,241,2,0,0,5,10,6,6.029311453,7.638749366,6.026165843
241013,241,5,1,1,12,10,3.75,5.355376766,7.840283416,5.433549632
241014,241,3,1,1,8,4,1.5,4.960284971,7.039726512,5.013563894
241015,241,3,0,0,6,6,2.833333333,6.286776511,8.07853598,6.265123262
241016,241,6,0,0,15,8,2.866666667,5.28123368,7.989283882,5.387949299
241017,241,1,0,0,8,3,1.625,3.564074823,5.643516364,3.717456817
241018,241,2,0,0,8,10,5.75,5.909790654,7.989232195,6.011730076
241019,241,0,1,1,8,9,6.625,5.552512817,7.631954358,5.760456971
241020,241,1,0,0,3,7,4.666666667,5.884715435,6.983327724,5.855841052
242001,242,4,1,1,13,9,2.846153846,4.974620588,7.539569946,5.102324765
242002,242,2,0,0,7,9,4,6.055744493,8.001654642,6.130157254
242003,242,8,2,1,24,10,3.458333333,5.799784363,8.977838194,5.978854134
242004,242,2,0,0,7,10,4.428571429,6.547216062,8.493126211,6.621628823
242005,242,6,0,0,13,7,4.076923077,6.036128021,8.601077379,6.105747529
242006,242,13,2,1,26,10,2.5,5.305077968,8.563174506,5.430058425
242007,242,4,0,0,11,8,3.636363636,5.739858407,8.13775368,5.829299258
242008,242,11,0,0,18,7,1.611111111,4.95337854,7.843750298,5.002449919
242009,242,7,1,0,13,9,2.384615385,5.318529622,7.88347898,5.360454637
242010,242,5,0,0,11,4,1.454545455,5.833227154,8.231122426,5.88870171
242011,242,0,1,1,3,2,1.666666667,6.573357002,7.67196929,6.68321823
242012,242,5,0,0,11,3,0.727272727,5.234831779,7.632727052,5.290306335
242013,242,2,1,1,6,2,0.833333333,5.943672756,7.735432225,5.984113091
242014,242,2,1,0,6,5,2.833333333,5.879107819,7.670867288,5.919548154
242015,242,9,2,1,18,7,2.444444444,5.301574685,8.191946443,5.389782664
242016,242,4,0,0,8,7,2,6.215837073,8.295278615,6.222952031
242017,242,5,1,0,11,9,3.818181818,5.359382762,7.757278035,5.414857318
242018,242,6,1,0,13,4,1.076923077,5.04173692,7.606686278,5.111356428
242019,242,1,1,0,6,6,2.833333333,6.192989065,7.984748534,6.300126575
243001,243,1,0,0,7,10,5.714285714,6.123873689,8.069783838,6.25637112
243002,243,0,0,0,1,11,11,6.923224855,6.923224855,6.923224855
243003,243,3,0,0,7,11,6.571428571,6.572271898,8.518182047,6.5921225
243004,243,2,1,1,6,9,4.666666667,6.063305882,7.855065351,6.103746217
243005,243,5,1,0,10,8,4.1,5.978094831,8.280679924,6.007524144
243006,243,2,0,0,5,10,4.4,6.434890168,8.044328081,6.431744559
243007,243,4,0,0,8,11,5.875,6.8963812,8.975822742,6.903496158
243008,243,1,1,0,8,10,6,6.283931059,8.363372601,6.437313054
243009,243,1,0,0,3,10,6,6.403789888,7.502402176,6.374915505
243010,243,2,0,0,5,11,7.2,7.367002376,8.976440288,7.363856766
243011,243,0,0,0,2,10,8.5,6.32791345,7.021060631,6.397228168
243012,243,6,0,0,12,9,3,5.091751412,7.576658061,5.13941288
243013,243,3,2,1,7,10,5.857142857,5.882366001,7.82827615,5.902216603
243014,243,2,0,0,7,10,6.857142857,6.357463268,8.303373417,6.431876029
243015,243,3,0,0,5,8,3.4,6.155562616,7.765000529,6.080378569
243016,243,2,1,1,6,10,5.833333333,5.993138935,7.784898404,6.03357927
243017,243,5,0,0,8,6,2.375,5.716668319,7.796109861,5.67987213
243018,243,0,0,0,4,6,3.25,6.246067282,7.632361643,6.384696718
243019,243,1,0,0,3,10,6.666666667,6.883665973,7.982278262,6.85479159
244001,244,3,0,0,5,3,0.8,6.250955211,7.860393123,6.175771164
244002,244,1,0,0,4,10,5.5,6.509788208,7.896082569,6.542412912
244003,244,3,0,0,6,8,2.833333333,5.121517163,6.913276632,5.099863913
244004,244,4,0,0,5,2,0.8,5.321476386,6.930914298,5.179595164
244005,244,6,0,0,12,10,4.083333333,5.179273733,7.664180383,5.226935202
244006,244,5,0,0,10,8,3.5,5.459418393,7.762003486,5.488847706
244007,244,2,0,0,7,8,4.142857143,6.075540948,8.021451098,6.14995371
244008,244,5,1,1,8,5,2.25,6.174986301,8.254427842,6.138190111
244009,244,3,1,1,12,10,5.083333333,5.62504674,8.10995339,5.767532673
244010,244,4,1,1,10,10,5.2,6.025910266,8.328495359,6.092079374
244011,244,8,0,0,18,7,1.5,5.261872471,8.152244229,5.370306021
244012,244,7,1,0,15,10,4.133333333,5.712206247,8.420256448,5.794262789
244013,244,4,0,0,6,5,2,5.929095443,7.720854912,5.849357525
244014,244,0,0,0,5,10,6.4,6.605505712,8.214943624,6.766449503
244015,244,2,1,1,9,8,5,6.342968237,8.540192815,6.467866231
244016,244,0,2,1,6,9,5.5,5.872366619,7.664126088,6.051542566
244017,244,1,1,1,7,10,3.714285714,5.730154005,7.676064154,5.862651435
59001,59,3,1,1,9,9,5.666666667,6.416094316,8.613318894,6.497081162
59002,59,1,1,0,5,9,5.6,6.661205117,8.270643029,6.736369746
59003,59,2,0,0,6,6,3.5,7.026804374,8.818563843,7.067244709
59004,59,3,0,0,9,10,5.333333333,6.609488041,8.806712618,6.690474887
59005,59,1,0,0,7,10,6.857142857,5.985921445,7.931831594,6.118418876
59006,59,1,0,0,3,6,3.333333333,7.142047998,8.240660286,7.113173615
59007,59,4,0,0,5,6,1.4,4.759563904,6.369001817,4.617682682
59008,59,1,1,1,7,9,4.285714286,7.782965462,9.728875611,7.915462893
59009,59,4,0,0,11,10,5.909090909,5.976966982,8.374862255,6.066407833
59010,59,3,0,0,9,10,5.666666667,6.290264762,8.487489339,6.371251608
59011,59,2,0,0,6,10,4.833333333,6.636240014,8.427999483,6.676680349
64009,64,2,0,0,6,10,6,7.774730167,9.566489636,7.815170502
70001,70,4,0,0,7,4,0.714285714,5.511755351,7.4576655,5.480163381
70002,70,3,0,0,9,10,3.777777778,5.226420138,7.423644715,5.307406984
70003,70,0,0,0,1,0,0,7.054115807,7.054115807,7.054115807
70004,70,1,0,0,3,8,5,6.059991531,7.15860382,6.031117148
70005,70,2,1,1,10,7,3.2,4.840490619,7.143075712,4.984969966
70006,70,3,1,1,7,7,3.571428571,5.367426656,7.313336805,5.387277258
70007,70,0,0,0,1,5,5,6.790642806,6.790642806,6.790642806
70008,70,0,0,0,2,0,0,6.67349677,7.36664395,6.742811488
70009,70,0,0,0,1,0,0,7.156903348,7.156903348,7.156903348
70010,70,2,0,0,4,0,0,6.434491538,7.820785899,6.372291778
70011,70,3,0,0,5,4,1.6,5.269134766,6.878572679,5.19395072
70012,70,0,0,0,2,3,2,5.644658804,6.337805984,5.713973522
70013,70,1,0,0,5,2,0.4,5.639422321,7.248860233,5.71458695
70014,70,2,0,0,4,1,0.25,5.057012518,6.443306879,4.994812758
70015,70,1,0,0,3,5,3,6.051267548,7.149879837,6.022393165
70016,70,1,0,0,2,6,4,6.807807177,7.500954357,6.676292699
70017,70,1,0,0,2,5,2.5,6.200371122,6.893518303,6.068856644
70018,70,6,0,0,8,0,0,5.946714279,8.026155821,5.868050076
70019,70,2,0,0,4,2,0.5,6.329818528,7.716112889,6.267618768
70020,70,1,0,0,2,5,2.5,6.668198311,7.361345492,6.536683833
70021,70,1,0,0,3,5,2.666666667,6.270079706,7.368691994,6.241205323
70022,70,0,0,0,3,5,4.333333333,6.183986021,7.282598309,6.293847249
70023,70,4,0,0,6,4,0.666666667,5.135990895,6.927750364,5.056252976
70024,70,0,0,0,1,0,0,6.750662546,6.750662546,6.750662546
70025,70,1,0,0,3,1,0.333333333,5.677937448,6.776549737,5.649063065
70026,70,0,0,0,1,0,0,6.655224704,6.655224704,6.655224704
70027,70,0,0,0,1,1,1,7.163946574,7.163946574,7.163946574
70028,70,1,0,0,3,4,1.333333333,4.538427996,5.637040285,4.509553613
70029,70,0,1,1,2,2,1,6.269487855,6.962635036,6.338802573
70030,70,1,0,0,2,0,0,5.936305917,6.629453097,5.804791439
70031,70,0,0,0,3,2,0.666666667,4.945784933,6.044397221,5.055646161
70032,70,1,0,0,2,5,3,4.468392412,5.161539593,4.336877934
70033,70,0,0,0,1,0,0,6.681662396,6.681662396,6.681662396
70034,70,4,0,0,6,2,0.333333333,5.455108402,7.246867872,5.375370484
71001,71,0,0,0,2,10,10,6.479201678,7.172348859,6.548516396
71002,71,1,1,1,2,5,3,6.215458554,6.908605735,6.083944076
71003,71,4,0,0,6,8,3.666666667,5.950904227,7.742663697,5.871166309
71004,71,2,0,0,5,5,2.8,6.301965122,7.911403034,6.298819512
71005,71,2,1,1,4,10,4.75,6.555016445,7.941310806,6.492816685
71006,71,2,0,0,5,10,5.6,7.220102154,8.829540067,7.216956545
71007,71,8,0,0,16,8,2.9375,5.244505056,8.017093778,5.320934732
71008,71,0,1,1,5,10,7.2,6.564442681,8.173880593,6.725386472
71009,71,3,0,0,7,8,4.142857143,6.005184372,7.951094522,6.025034974
71010,71,0,0,0,4,14,9.75,6.592948939,7.9792433,6.731578375
71011,71,0,0,0,1,5,5,6.491763758,6.491763758,6.491763758
71012,71,6,0,0,10,7,2.6,5.712355308,8.014940401,5.706485979
71013,71,3,0,0,6,9,3.333333333,5.548081289,7.339840759,5.52642804
71014,71,4,0,0,7,6,2.571428571,6.031993274,7.977903423,6.000401304
71015,71,3,1,1,11,10,6.181818182,5.657819792,8.055715064,5.782559285
71016,71,0,0,0,2,10,10,6.45168556,7.14483274,6.521000278
71017,71,0,0,0,3,10,9.333333333,6.165791778,7.264404067,6.275653007
71018,71,0,0,0,2,10,5,6.699659386,7.392806567,6.768974104
71019,71,2,2,1,9,11,5.333333333,5.057296288,7.254520866,5.182194282
71020,71,1,0,0,4,10,5.5,5.682766201,7.069060562,5.715390905
71021,71,0,1,1,4,10,6.25,5.677927565,7.064221926,5.816557001
71022,71,0,0,0,5,8,6.4,6.348539271,7.957977184,6.509483063
71023,71,1,0,0,6,10,8,6.240124067,8.031883537,6.347261577
71024,71,3,0,0,6,12,5.333333333,6.61598085,8.407740319,6.594327601
71025,71,1,1,1,3,8,3.666666667,6.047217731,7.14583002,6.018343348
71026,71,1,1,1,2,4,2.5,5.939482103,6.632629284,5.807967625
74001,74,4,0,0,7,4,1.142857143,6.043298207,7.989208356,6.011706236
74002,74,2,0,0,3,7,5,8.234808337,9.333420625,8.0857557
74003,74,0,0,0,2,6,3.5,5.717751944,6.410899125,5.787066662
74004,74,0,0,0,1,5,5,6.262001605,6.262001605,6.262001605
74005,74,3,0,0,5,3,0.6,5.067619132,6.677057045,4.992435086
74006,74,2,0,0,8,10,3.5,5.026313042,7.105754583,5.128252464
74009,74,0,0,0,1,2,2,6.542117929,6.542117929,6.542117929
74010,74,3,0,0,5,2,0.4,4.881531892,6.490969804,4.806347845
74011,74,0,0,0,1,5,5,6.450514529,6.450514529,6.450514529
74012,74,2,0,0,3,4,1.666666667,5.950137214,7.048749503,5.801084578
76001,76,2,0,0,4,5,1.75,5.353290816,6.739585177,5.291091056
76002,76,3,0,0,5,6,2.8,5.465509103,7.074947015,5.390325056
76003,76,3,0,0,5,11,5,7.025554903,8.634992815,6.950370856
76004,76,4,0,0,9,10,3.222222222,5.295386175,7.492610752,5.334505006
76005,76,0,0,0,2,3,2.5,5.901089015,6.594236196,5.970403733
76006,76,5,0,0,10,2,0.3,4.108674257,6.41125935,4.13810357
76007,76,0,0,0,1,0,0,6.687307757,6.687307757,6.687307757
76008,76,0,0,0,1,1,1,5.859004439,5.859004439,5.859004439
76009,76,1,0,0,3,4,2,5.930912587,7.029524876,5.902038204
76010,76,2,0,0,6,6,1.666666667,4.658272476,6.450031945,4.698712811
76011,76,0,0,0,1,6,6,6.588275687,6.588275687,6.588275687
76012,76,0,0,0,2,4,2,6.678372972,7.371520153,6.74768769
76013,76,5,0,0,8,6,1,5.828102589,7.907544131,5.791306399
76014,76,0,0,0,2,5,3,6.600258743,7.293405923,6.669573461
76015,76,0,0,0,1,2,2,6.613105467,6.613105467,6.613105467
76016,76,1,0,0,7,4,0.571428571,5.37933602,7.325246169,5.51183345
76017,76,0,0,0,2,0,0,6.5304618,7.223608981,6.599776518
76018,76,4,0,0,6,1,0.5,6.106256,7.898015469,6.026518081
77301,77,5,1,1,9,14,4.666666667,6.749088336,8.946312914,6.748200582
78001,78,1,0,0,5,9,7,6.183514098,7.79295201,6.258678727
78002,78,3,2,1,11,10,4.181818182,5.245314447,7.64320972,5.37005394
78003,78,2,0,0,8,10,5.875,5.457841102,7.537282644,5.559780524
78004,78,3,2,1,6,9,3.166666667,5.724305917,7.516065386,5.702652667
78005,78,4,0,0,6,9,3.166666667,6.230858436,8.022617906,6.151120518
78006,78,6,1,1,11,8,2.090909091,4.841897122,7.239792395,4.864640798
78007,78,4,0,0,8,10,5.25,6.119881633,8.199323174,6.126996591
78008,78,0,0,0,3,9,8.333333333,7.176261873,8.274874162,7.286123102
78009,78,4,1,1,10,10,4.5,5.44293279,7.745517883,5.509101899
78010,78,3,1,0,9,10,5.111111111,5.750817065,7.948041643,5.831803911
78011,78,0,1,1,3,8,5.333333333,6.049807169,7.148419458,6.159668398
78012,78,0,0,0,2,9,8,6.542991686,7.236138866,6.612306404
78013,78,5,0,0,9,8,3.555555556,5.220434366,7.417658943,5.219546611
78014,78,2,0,0,6,10,7.333333333,5.947328253,7.739087722,5.987768588
78015,78,1,0,0,3,7,4.333333333,6.391922715,7.490535004,6.363048332
78016,78,1,1,1,3,4,1.333333333,5.978767943,7.077380232,5.94989356
78017,78,2,0,0,4,10,5,6.089064564,7.475358925,6.026864804
78018,78,0,0,0,2,4,3.5,6.727604121,7.420751301,6.796918839
78019,78,2,2,1,8,10,5,5.049177281,7.128618823,5.151116703
78020,78,0,0,0,8,10,4.625,5.480406473,7.559848014,5.688350627
78021,78,2,1,1,8,10,3.75,6.149999528,8.22944107,6.25193895
78022,78,4,0,0,6,10,3.5,6.884687974,8.676447444,6.804950056
78023,78,1,1,1,9,8,4.444444444,5.091849217,7.289073794,5.262911175
78024,78,1,0,0,3,7,4.333333333,6.193466352,7.292078641,6.164591969
78026,78,2,0,0,4,2,0.75,5.759458714,7.145753075,5.697258954
78027,78,2,2,2,7,8,4,5.886081855,7.831992004,5.960494617
78028,78,0,0,0,2,8,8,6.50865194,7.201799121,6.577966658
78029,78,1,0,0,6,8,4.5,6.012600885,7.804360355,6.119738395
79001,79,7,0,0,17,7,2.411764706,5.217913972,8.051127316,5.332744919
79002,79,3,0,0,4,3,1.75,5.631304794,7.017599155,5.483325872
79003,79,3,0,0,10,8,2.1,4.420857157,6.72344225,4.525329918
79004,79,4,0,0,10,8,3.4,5.127758738,7.430343831,5.193927847
79005,79,1,0,0,5,10,5.6,5.777765782,7.387203694,5.852930411
79006,79,0,0,0,1,4,4,6.920427716,6.920427716,6.920427716
79007,79,4,0,0,9,3,0.666666667,4.370483138,6.567707716,4.40960197
79008,79,0,1,1,6,5,2,5.915611479,7.707370948,6.094787426
79009,79,0,0,0,1,5,5,6.039693539,6.039693539,6.039693539
79010,79,0,0,0,1,5,5,6.158951502,6.158951502,6.158951502
79011,79,1,0,0,2,5,2.5,5.634476338,6.327623519,5.50296186
79012,79,0,0,0,2,2,1,6.609907988,7.303055168,6.679222706
79013,79,0,0,0,2,3,1.5,5.070746527,5.763893708,5.140061245
79014,79,0,0,0,1,3,3,6.85522991,6.85522991,6.85522991
79015,79,1,0,0,3,6,3,5.118639831,6.21725212,5.089765448
79016,79,0,0,0,2,2,1,6.10023383,6.79338101,6.169548548
79017,79,0,0,0,1,0,0,6.607746197,6.607746197,6.607746197
79018,79,2,1,1,6,10,2.333333333,5.815938847,7.607698316,5.856379182
79019,79,1,0,0,2,1,0.5,5.923902296,6.617049477,5.792387818
79020,79,0,0,0,3,5,3.333333333,6.557266569,7.655878858,6.667127798
79021,79,0,1,1,6,6,2.5,5.088767151,6.88052662,5.267943098
79022,79,0,1,0,2,1,0.5,6.514492552,7.207639732,6.58380727
79023,79,0,0,0,2,0,0,6.57902087,7.272168051,6.648335588
79024,79,4,0,0,6,2,0.333333333,5.945589233,7.737348702,5.865851315
79025,79,1,0,0,3,5,2.666666667,5.489272964,6.587885253,5.460398581
80001,80,2,0,0,4,2,1,5.18084074,6.567135102,5.11864098
80002,80,2,1,1,4,1,0.25,4.578721896,5.965016258,4.516522136
80003,80,0,1,1,7,1,0.285714286,4.202082632,6.147992781,4.396673647
80004,80,1,0,0,9,7,5.111111111,4.418534494,6.615759071,4.589596453
80005,80,4,0,0,6,4,1.166666667,4.148618447,5.940377917,4.068880529
80006,80,2,1,1,5,2,0.6,4.498062892,6.107500804,4.494917282
80007,80,3,0,0,5,2,0.6,5.295914859,6.905352771,5.220730812
80008,80,2,0,0,3,5,1.666666667,5.604372363,6.702984651,5.455319726
80009,80,9,0,0,14,2,0.357142857,3.239235566,5.878292895,3.252299236
80010,80,3,0,0,5,4,1.6,5.227171832,6.836609744,5.151987785
80011,80,0,0,0,1,4,4,5.880154087,5.880154087,5.880154087
80012,80,1,0,0,4,8,4.25,5.366510003,6.752804364,5.399134707
80013,80,1,0,0,2,6,3,5.231682387,5.924829568,5.100167909
80014,80,1,0,0,2,3,1.5,5.804025153,6.497172333,5.672510674
80015,80,1,0,0,5,5,3.2,5.602994417,7.212432329,5.678159046
80016,80,2,0,0,6,7,2,5.44116596,7.232925429,5.481606295
80017,80,3,2,1,8,7,2.5,3.963676145,6.043117686,4.016955068
80018,80,0,1,1,5,8,4.2,5.550387507,7.15982542,5.711331298
80019,80,0,0,0,2,2,1.5,5.395232672,6.088379852,5.46454739
80020,80,0,0,0,4,10,8.5,4.808191121,6.194485482,4.946820557
80021,80,1,0,0,5,6,2,5.040662776,6.650100688,5.115827405
80022,80,0,0,0,4,8,3,5.194446477,6.580740839,5.333075914
80023,80,5,2,1,11,8,3.090909091,4.55757354,6.955468813,4.613048096
80024,80,1,1,1,2,6,5.5,5.600089206,6.293236386,5.468574728
80025,80,2,0,0,4,3,1.25,4.207073182,5.593367543,4.144873421
